ImageFileName,TrainOrTest,c1,c2,c3,c4,c5,c6,c7,c8,c9,c10,c11,c12,c13,c14,c15,c16,c17,c18,c19,c20,c21,c22,c23,c24,c25,c26,c27,c28,c29,c30,c31,c32,c33,c34,c35,c36,c37,c38,c39,c40,c41,c42,c43,c44,c45,c46,c47,c48,c49,c50,c51,c52,c53,c54,c55,c56,c57,c58,c59,c60,c61,c62,c63,c64
data/final_data/resized_images/0b70cbb67c0c.webp,train,0,0,0,0,0,0,0,0,0,0,0,2,2,0,2,2,0,0,0,0,2,2,0,0,0,0,0,0,2,2,2,0,0,0,1,0,0,0,0,0,0,0,2,0,0,0,0,0,0,0,0,0,2,2,0,0,0,0,0,0,0,0,0,0
data/final_data/resized_images/107384394.jpg,train,2,0,0,0,1,0,0,0,2,0,2,0,0,0,0,2,2,0,0,0,0,0,0,0,3,0,3,0,3,0,0,0,2,2,2,0,3,0,3,3,3,2,0,0,3,3,3,3,3,2,0,0,0,0,3,0,3,3,0,0,0,0,3,0
data/final_data/resized_images/1132922938ee.webp,train,2,0,0,0,0,0,0,0,0,0,0,0,0,0,2,0,0,0,0,0,1,2,0,0,0,0,2,2,0,0,0,1,3,0,0,3,0,0,2,0,3,2,3,0,0,0,0,0,3,0,2,0,0,0,0,0,3,0,0,0,0,0,0,0
data/final_data/resized_images/113af926a798.webp,train,0,0,0,0,0,3,0,3,0,0,0,0,0,0,0,0,0,0,0,2,0,0,0,0,0,0,2,2,0,0,0,2,0,0,0,0,2,2,0,0,0,2,0,0,2,0,2,2,0,0,0,3,0,2,0,0,0,0,0,0,2,0,0,0
data/final_data/resized_images/1698499317-6258.jpg,train,0,0,0,0,0,0,0,0,0,0,0,0,0,0,0,0,3,0,0,0,0,0,0,0,3,2,2,2,0,2,0,2,3,2,2,2,0,2,0,0,3,2,2,0,0,2,2,0,3,0,0,3,0,2,2,2,3,0,0,0,0,0,0,2
data/final_data/resized_images/1741087887458.webp,train,0,0,0,0,0,1,0,0,0,2,0,1,0,0,0,0,0,0,0,2,2,0,0,0,0,0,0,0,0,0,0,0,0,0,2,0,2,0,0,2,0,0,0,2,3,0,0,1,0,0,0,3,0,0,0,0,0,0,0,2,2,3,0,0
data/final_data/resized_images/180427.webp,train,0,2,2,2,2,2,2,0,0,2,2,0,0,2,0,2,0,0,0,2,2,0,0,0,0,0,2,2,2,2,2,2,0,0,2,2,2,0,0,0,0,0,2,0,0,0,0,0,0,2,2,0,0,0,1,0,0,0,0,0,0,0,0,0
data/final_data/resized_images/1fb93095dc34.webp,train,0,0,0,0,0,0,0,0,0,0,0,2,2,0,0,0,0,0,0,0,3,0,0,0,0,0,0,0,0,2,0,0,3,0,0,3,0,2,2,0,3,0,2,0,3,0,2,2,3,0,0,3,3,0,0,0,3,0,2,2,2,0,0,0
data/final_data/resized_images/201791.webp,train,2,2,0,0,2,0,0,2,0,2,0,0,2,2,2,0,2,2,2,0,0,2,2,2,2,2,0,0,2,3,0,2,0,0,2,2,2,3,2,2,0,0,0,2,2,3,2,2,0,0,2,3,2,3,2,2,0,3,1,3,0,3,3,0
data/final_data/resized_images/229397.webp,train,0,0,0,0,0,0,0,0,0,0,0,2,2,0,0,0,0,0,0,2,2,0,0,0,0,0,0,2,0,0,0,1,0,0,0,2,3,3,0,1,0,0,0,0,3,3,0,0,0,0,0,2,3,3,0,0,0,0,0,2,3,3,0,0
data/final_data/resized_images/243185.webp,train,0,0,0,0,0,0,0,0,0,0,0,0,0,0,0,0,0,0,0,0,0,0,0,0,0,0,0,0,0,0,0,0,0,0,0,0,0,0,0,0,0,0,0,3,3,0,0,0,0,0,2,0,2,2,0,0,0,1,0,0,2,0,0,0
data/final_data/resized_images/257616.webp,train,0,0,0,2,2,0,2,0,2,2,2,2,2,2,0,0,0,0,2,2,2,2,2,0,0,2,0,3,0,0,2,0,3,0,2,0,2,0,2,0,3,0,0,0,3,0,0,0,3,0,2,3,2,3,1,0,3,0,3,2,0,0,0,0
data/final_data/resized_images/261153.webp,train,0,0,0,0,0,0,0,0,0,0,0,0,3,0,0,0,0,0,0,0,0,3,0,0,0,0,0,0,0,2,2,0,1,0,0,2,0,2,2,0,0,0,1,0,0,0,0,0,0,0,0,0,0,0,0,0,0,0,0,0,0,0,0,0
data/final_data/resized_images/262299.webp,train,0,0,0,0,1,0,0,0,0,0,0,2,0,0,0,0,0,0,0,0,0,0,0,0,0,0,0,2,0,0,0,0,0,0,2,0,0,0,0,0,0,0,3,0,0,0,0,0,0,0,3,2,2,2,0,0,0,0,3,3,0,0,0,3
data/final_data/resized_images/275605.webp,train,2,0,0,0,0,0,0,0,0,0,0,0,0,0,0,0,0,0,2,0,0,0,0,0,0,0,0,0,0,0,0,0,0,3,0,0,2,2,0,0,0,0,2,2,0,0,1,0,0,0,0,0,0,0,0,0,0,0,0,0,0,0,0,0
data/final_data/resized_images/276464.webp,train,0,0,0,0,0,0,0,0,0,0,0,0,0,0,0,0,0,2,2,0,0,0,0,0,0,2,0,0,2,0,0,0,2,2,2,0,0,3,0,3,0,0,0,2,0,3,0,0,0,0,0,2,2,3,0,0,0,0,0,0,0,2,0,0
data/final_data/resized_images/280b94dbb452.jpg,train,0,0,0,0,0,0,0,0,0,2,0,0,2,1,0,0,0,0,0,0,3,2,0,0,0,3,0,0,0,3,0,0,0,0,0,3,0,0,0,0,1,1,0,3,0,0,3,0,1,0,0,3,0,3,0,0,0,0,0,3,3,0,0,0
data/final_data/resized_images/283799.webp,train,0,0,0,0,0,2,0,0,0,0,2,0,0,2,1,2,0,2,0,2,2,1,2,0,0,3,2,0,0,1,2,0,0,2,0,2,0,2,0,0,0,2,0,0,0,0,2,0,0,2,2,3,2,2,0,0,0,3,0,3,3,0,0,0
data/final_data/resized_images/28448222576c.webp,train,0,0,0,0,0,0,0,0,0,0,0,0,0,0,0,0,0,0,0,0,0,0,0,0,0,0,2,0,0,0,3,2,0,0,2,2,0,3,3,2,0,0,0,3,2,3,3,2,0,0,0,0,0,0,0,0,0,0,0,2,0,0,0,0
data/final_data/resized_images/288748.webp,train,2,0,0,0,0,0,0,2,2,0,2,0,0,0,0,0,2,0,0,0,0,0,0,0,2,0,2,2,0,0,2,2,0,2,2,1,0,3,3,0,1,2,2,2,1,3,0,0,0,0,2,0,0,3,3,0,0,0,3,0,0,0,0,0
data/final_data/resized_images/288dfd28ac2c.webp,train,0,2,0,2,0,0,0,2,0,0,0,2,2,0,0,0,0,0,0,2,2,0,0,0,0,0,0,2,2,0,0,0,3,0,2,3,2,3,0,0,0,0,1,0,3,3,0,0,0,0,0,0,3,3,0,0,0,0,3,3,3,3,0,0
data/final_data/resized_images/296656.webp,train,0,0,0,0,0,0,0,0,0,0,0,2,2,1,0,0,0,0,0,0,2,0,0,0,0,0,0,3,0,0,0,0,3,3,0,3,2,0,0,2,3,3,0,0,0,0,0,0,3,3,0,0,3,0,0,0,3,3,3,0,2,0,0,0
data/final_data/resized_images/299754.webp,train,0,0,0,0,0,1,0,0,0,0,0,0,2,0,2,0,0,0,2,0,2,0,0,0,0,0,2,2,2,2,0,0,2,0,2,2,2,0,0,0,0,0,2,0,3,1,3,0,0,0,2,2,3,0,3,0,3,3,3,2,0,0,3,0
data/final_data/resized_images/299784.webp,train,1,0,0,0,0,0,0,0,0,0,0,2,2,0,0,0,0,0,0,0,0,0,0,0,0,0,3,3,2,2,0,0,0,2,3,2,0,2,0,0,0,2,3,3,0,2,0,0,0,0,3,3,0,0,0,0,0,0,0,0,0,0,0,0
data/final_data/resized_images/306291.webp,train,0,2,2,2,0,1,0,0,0,0,2,2,0,0,0,0,0,0,0,2,0,0,0,0,0,0,0,2,0,0,0,0,0,0,0,2,2,3,0,0,2,0,0,0,0,3,1,0,0,0,3,0,0,3,0,3,3,0,1,3,3,3,3,0
data/final_data/resized_images/306299.webp,train,0,0,0,0,0,0,0,0,0,0,0,3,0,0,1,0,0,0,0,0,2,0,0,0,3,0,2,2,0,0,0,0,3,0,3,2,0,0,0,0,3,0,0,0,0,0,0,0,3,0,0,2,0,0,0,0,0,0,0,0,0,0,0,0
data/final_data/resized_images/306797.webp,train,0,0,0,1,0,0,0,0,2,0,0,2,1,2,0,2,0,0,0,2,2,0,2,2,2,0,3,2,2,0,2,2,2,2,2,0,0,2,2,0,0,1,0,0,3,0,2,2,2,2,2,0,2,0,2,0,0,3,0,0,0,0,0,0
data/final_data/resized_images/306806.webp,train,0,0,0,0,0,3,3,0,0,2,2,0,0,0,0,3,0,0,2,0,0,0,0,0,0,1,0,0,2,0,0,0,0,0,3,3,0,2,0,0,0,0,3,3,0,2,0,0,0,0,3,3,3,2,0,0,0,0,0,0,2,0,0,0
data/final_data/resized_images/306961.webp,train,0,0,0,0,0,2,0,0,1,0,0,0,0,2,0,0,0,0,0,0,0,2,2,0,0,0,0,0,0,3,2,0,0,3,3,0,0,0,0,0,0,0,3,0,0,0,0,0,0,3,3,0,0,3,0,0,0,0,0,0,0,0,0,0
data/final_data/resized_images/306964.webp,train,0,0,0,0,0,0,0,0,0,0,0,0,0,0,0,0,0,2,3,2,2,0,0,0,2,2,0,0,0,0,0,0,0,0,3,2,2,3,0,0,0,0,3,2,2,0,0,0,0,0,3,0,0,0,0,0,0,0,0,0,0,0,0,0
data/final_data/resized_images/306965.webp,train,0,0,0,0,0,0,0,0,2,2,3,0,0,0,0,0,0,2,0,0,0,0,3,0,0,2,0,0,3,3,2,0,0,0,0,0,3,3,2,0,0,0,0,0,3,3,2,0,0,0,0,3,3,3,0,0,0,0,0,0,0,0,0,0
data/final_data/resized_images/306974.webp,train,0,1,0,0,0,3,0,0,0,0,0,0,2,2,0,0,0,0,0,2,2,2,0,0,0,0,0,0,3,0,0,0,0,0,0,3,3,0,3,0,0,0,0,3,0,2,0,0,0,0,0,3,2,3,0,0,0,0,0,3,0,0,0,0
data/final_data/resized_images/306975.webp,train,0,0,0,0,0,0,1,0,0,0,0,0,0,0,0,0,0,0,3,3,2,0,0,0,0,0,2,2,2,0,0,0,0,0,2,2,0,0,3,0,0,0,2,0,0,0,0,0,0,0,2,3,0,0,0,0,0,0,0,2,0,0,0,0
data/final_data/resized_images/307216.webp,train,0,0,0,0,2,0,0,0,0,0,0,2,2,0,0,0,0,0,0,2,2,2,1,0,0,0,3,0,0,0,0,0,0,0,0,3,0,0,0,0,0,3,0,0,0,0,0,0,0,3,0,2,0,0,0,0,0,3,0,0,0,0,0,0
data/final_data/resized_images/307224.webp,train,0,2,0,0,0,0,0,0,0,2,0,0,0,3,0,0,2,2,2,0,0,2,2,0,2,2,0,0,0,2,0,0,0,2,0,3,3,0,3,0,0,2,0,3,3,2,0,0,0,0,2,3,3,0,0,0,0,0,0,0,0,0,0,0
data/final_data/resized_images/307616.webp,train,0,0,0,0,0,0,1,0,0,0,0,0,0,0,0,0,0,0,0,0,0,0,0,0,0,0,0,0,2,2,0,0,0,0,0,0,0,0,0,0,0,0,0,2,2,0,0,0,0,0,0,0,0,0,0,0,0,0,0,0,0,0,0,0
data/final_data/resized_images/307620.webp,train,0,0,0,0,0,0,0,0,0,0,0,0,3,2,2,0,0,0,0,0,0,3,2,0,0,0,3,0,0,3,0,0,0,1,3,0,0,0,0,0,0,0,3,0,2,2,0,0,0,0,3,0,2,3,0,0,0,0,0,0,0,0,0,0
data/final_data/resized_images/307625.webp,train,0,3,0,0,0,0,0,0,0,0,0,0,0,0,0,0,0,2,2,1,1,0,0,0,0,0,0,0,0,2,0,0,0,0,3,0,2,2,0,0,0,0,3,0,0,2,3,0,0,0,3,0,0,2,0,0,0,2,3,0,0,0,0,0
data/final_data/resized_images/307863.webp,train,0,0,0,2,2,0,0,0,0,0,0,2,2,0,0,0,0,0,0,2,2,2,0,0,0,0,0,2,0,2,0,0,0,0,2,2,0,0,0,1,0,0,2,0,0,0,0,0,0,2,0,3,0,0,0,0,0,0,0,0,0,0,0,0
data/final_data/resized_images/307864.webp,train,0,2,3,3,0,0,0,0,0,3,1,0,0,2,0,0,0,2,1,2,0,2,2,0,3,2,0,0,2,0,0,0,0,2,2,0,2,0,0,2,0,0,0,0,3,0,0,1,0,0,3,0,0,0,0,2,0,0,2,2,2,0,2,0
data/final_data/resized_images/307879.webp,train,0,0,0,0,0,0,0,0,0,0,0,0,0,0,0,0,0,0,0,0,0,0,0,0,0,0,2,2,0,2,2,0,0,0,0,0,2,2,2,1,0,2,0,3,0,0,0,0,0,0,0,0,3,0,0,0,0,0,0,0,0,3,0,0
data/final_data/resized_images/307941.webp,train,0,0,0,0,0,0,3,0,0,0,2,3,3,0,2,2,0,0,2,2,0,0,0,0,0,0,0,2,0,0,2,0,0,0,0,3,0,0,0,0,0,0,0,3,0,0,0,0,0,0,0,3,3,0,0,0,1,0,0,0,0,0,0,0
data/final_data/resized_images/307949.webp,train,0,0,2,0,0,0,0,0,0,0,0,0,2,0,0,0,0,0,0,0,2,1,1,0,0,0,0,0,0,0,0,0,0,3,2,3,0,0,0,0,0,3,0,0,0,0,0,0,0,3,0,2,0,0,0,0,0,3,0,0,0,0,0,0
data/final_data/resized_images/307965.webp,train,0,0,0,0,0,2,0,0,0,0,0,0,0,0,0,0,0,0,0,0,0,2,0,0,2,0,0,0,0,0,1,1,0,0,2,0,2,2,2,0,2,0,2,0,0,0,3,0,3,0,3,0,0,0,0,0,0,0,0,0,3,0,0,0
data/final_data/resized_images/308195.webp,train,0,0,0,1,0,0,0,0,0,0,0,2,0,0,0,0,0,2,2,0,0,0,0,0,0,2,3,3,0,0,0,0,2,2,0,2,0,0,0,0,0,3,3,0,0,0,0,0,0,3,3,3,0,0,0,0,0,3,0,3,0,0,0,0
data/final_data/resized_images/308310.webp,train,0,0,0,0,0,3,0,0,0,0,0,0,0,3,0,0,0,0,0,1,0,3,0,0,0,0,0,1,0,3,0,0,0,0,2,0,0,0,0,0,0,0,3,0,0,0,0,0,0,0,2,0,0,2,0,0,0,0,3,0,0,0,0,0
data/final_data/resized_images/308389.webp,train,3,3,0,0,3,3,0,0,3,0,0,3,2,0,0,0,0,0,3,0,2,0,0,0,0,0,1,0,0,0,0,0,0,0,0,0,2,3,3,0,0,0,0,0,3,0,0,0,0,0,0,0,3,0,0,0,0,0,0,0,3,0,0,0
data/final_data/resized_images/308843.webp,train,0,0,0,0,0,0,0,0,0,0,2,0,2,0,0,0,0,0,0,1,2,0,0,3,0,0,2,2,0,0,0,3,0,0,0,2,0,0,0,3,0,0,0,0,0,0,0,3,0,0,0,0,0,0,0,0,0,0,0,0,0,1,0,0
data/final_data/resized_images/308848.webp,train,0,0,0,2,0,0,0,0,0,0,2,0,0,0,0,0,0,0,0,0,0,0,0,0,0,0,0,2,0,0,3,0,0,0,0,0,2,0,3,0,0,0,0,0,0,0,3,0,0,0,0,1,0,0,0,0,0,0,0,1,0,0,0,0
data/final_data/resized_images/308860.webp,train,0,0,0,0,0,0,2,0,0,0,0,0,2,2,2,0,0,0,0,2,2,2,0,0,0,0,0,2,2,2,0,0,3,0,0,1,0,0,0,0,3,0,0,2,0,0,0,0,3,0,0,2,2,0,0,0,3,0,0,0,0,0,0,0
data/final_data/resized_images/308869.webp,train,0,0,2,0,0,0,0,0,0,2,2,2,2,0,0,0,0,0,2,2,2,0,0,0,0,2,2,3,0,0,0,0,0,2,0,3,3,0,0,0,0,0,0,3,3,3,1,3,0,0,0,3,3,3,0,0,0,0,0,3,3,0,0,0
data/final_data/resized_images/322323.webp,train,0,0,0,0,2,0,0,0,0,1,1,0,0,0,0,0,0,0,0,2,2,2,0,0,0,0,0,0,2,2,0,0,0,0,0,2,2,2,0,0,0,0,0,0,2,2,0,2,0,0,0,0,0,2,0,0,0,0,0,0,0,0,0,0
data/final_data/resized_images/322332.webp,train,0,2,0,0,2,0,0,0,0,0,2,3,0,0,0,0,0,2,2,2,0,0,1,0,0,0,2,2,0,0,0,0,0,0,3,2,2,3,3,0,0,0,0,2,0,3,3,0,0,0,0,2,0,3,3,0,0,0,0,3,0,3,3,0
data/final_data/resized_images/322347.webp,train,2,0,2,2,2,0,0,0,2,0,2,2,0,2,0,0,2,0,2,2,2,0,0,0,0,0,2,2,2,0,0,0,0,3,0,2,2,0,0,0,3,0,0,0,3,0,0,0,0,0,0,0,3,1,0,0,3,0,0,0,0,0,0,0
data/final_data/resized_images/322348.webp,train,0,0,0,0,2,0,0,3,0,0,0,0,2,0,0,0,2,2,0,3,2,2,0,2,0,3,3,2,2,0,2,0,2,2,3,3,2,3,0,0,3,3,3,0,3,0,0,2,2,3,3,0,3,0,0,0,0,0,3,0,0,0,1,0
data/final_data/resized_images/322356.webp,train,2,2,2,0,0,0,0,0,0,0,2,2,0,1,2,2,0,2,2,3,2,0,0,2,2,0,2,2,0,0,1,0,0,3,0,2,3,3,1,0,0,0,0,2,3,3,0,3,0,0,0,3,3,3,0,0,0,0,3,0,3,3,0,0
data/final_data/resized_images/325833.webp,train,0,0,0,2,2,0,2,2,0,2,0,2,0,0,2,2,0,0,0,2,2,2,2,0,2,0,2,0,2,1,0,0,2,2,2,0,3,1,3,3,0,2,2,2,2,2,3,3,0,0,0,0,3,2,3,3,0,3,0,0,2,0,3,3
data/final_data/resized_images/353126.webp,train,0,0,0,2,0,0,0,0,0,0,2,2,0,3,0,0,0,0,2,2,0,0,0,0,0,0,2,2,0,0,0,0,0,0,0,1,0,0,0,0,0,0,3,0,3,0,0,0,0,0,3,0,0,2,0,0,0,0,3,0,3,0,0,0
data/final_data/resized_images/353190.webp,train,0,0,0,3,2,0,0,0,0,0,0,2,0,0,0,0,0,0,2,2,0,0,0,1,0,0,0,2,3,0,0,0,0,0,2,2,2,2,0,0,0,0,0,0,2,2,0,0,0,0,0,0,0,0,0,1,0,0,0,0,2,0,0,0
data/final_data/resized_images/353195.webp,train,0,0,0,0,0,0,0,0,0,0,0,0,2,2,0,0,0,0,2,2,0,2,0,0,0,0,0,0,0,0,0,0,3,0,0,0,0,0,0,0,3,0,3,0,0,0,0,0,0,0,0,0,0,0,0,0,0,0,3,3,0,0,0,0
data/final_data/resized_images/353277.webp,train,0,0,0,0,0,2,0,0,0,0,0,0,0,0,2,0,0,0,0,0,0,2,3,0,0,2,0,0,1,2,0,0,2,0,0,0,1,2,2,2,0,0,0,0,2,2,2,3,0,0,2,0,3,0,0,3,0,0,0,3,3,3,0,3
data/final_data/resized_images/353472.webp,train,0,0,0,0,0,0,0,0,0,0,0,0,0,2,0,2,2,2,0,0,0,0,0,0,0,0,2,0,0,2,2,2,2,2,2,3,2,1,2,2,2,2,2,3,0,1,1,0,0,0,2,3,0,0,0,0,0,0,0,3,0,3,0,3
data/final_data/resized_images/354400.webp,train,0,0,0,0,0,0,0,0,0,0,0,0,0,2,2,0,0,0,0,3,2,0,2,0,0,0,0,3,2,2,2,0,0,0,0,0,0,2,3,0,0,2,0,1,1,2,0,0,0,2,0,1,1,2,0,0,0,0,0,0,0,0,0,0
data/final_data/resized_images/354403.webp,train,0,0,0,0,0,0,0,0,0,2,2,2,0,0,0,2,0,2,2,2,2,0,0,2,0,0,2,2,3,3,0,2,0,0,0,2,3,3,1,0,0,0,2,2,3,3,0,0,0,0,0,2,3,3,0,0,0,0,0,3,3,3,0,3
data/final_data/resized_images/355219.webp,train,0,0,1,0,0,0,2,2,0,0,2,2,0,0,0,2,0,2,2,0,0,2,0,0,0,2,2,2,0,0,0,2,0,2,2,2,0,0,0,0,0,2,2,2,2,1,1,0,0,2,2,2,0,2,0,0,0,2,3,2,0,0,0,0
data/final_data/resized_images/372644.webp,train,0,0,0,1,0,0,2,0,0,2,0,1,0,3,2,0,0,2,2,2,2,2,2,0,0,2,0,2,2,0,2,0,0,0,2,2,2,2,0,0,0,0,2,0,3,2,2,0,3,0,0,2,2,0,0,0,2,0,2,2,0,0,0,0
data/final_data/resized_images/375885.webp,train,0,0,0,0,0,2,2,0,0,0,0,0,2,2,0,0,0,0,2,0,3,2,2,2,0,2,2,0,2,0,0,0,0,2,0,2,2,0,0,0,0,2,2,0,2,2,2,0,0,2,2,2,2,2,2,0,0,3,2,0,2,3,1,0
data/final_data/resized_images/377155.webp,train,0,0,0,2,0,2,0,2,0,2,0,3,2,2,2,0,3,0,2,0,2,2,2,3,2,0,0,2,2,0,0,2,0,0,0,2,2,2,0,0,3,0,3,0,3,2,1,2,0,0,0,0,3,2,2,2,0,0,0,0,3,2,0,0
data/final_data/resized_images/377187.webp,train,0,0,0,0,0,0,0,0,0,0,0,0,2,2,2,0,0,0,0,0,2,2,2,0,0,1,0,0,3,3,0,2,0,0,0,0,3,3,2,0,0,0,0,0,3,3,0,0,0,0,0,0,3,3,3,0,0,0,0,0,3,3,0,0
data/final_data/resized_images/377189.webp,train,0,0,0,0,0,0,0,0,0,1,2,0,2,0,0,0,0,1,2,0,0,2,0,0,2,2,0,0,0,2,0,0,0,2,2,0,2,2,2,0,0,3,2,2,2,2,2,0,0,0,2,2,0,2,2,0,0,0,0,2,2,2,2,0
data/final_data/resized_images/395176.webp,train,2,0,0,0,0,0,0,0,3,1,0,0,1,2,0,0,0,0,0,2,0,0,2,2,0,3,0,2,2,0,2,0,0,3,2,2,0,2,0,0,0,3,2,3,2,0,0,2,0,2,0,0,2,0,0,3,0,2,0,3,0,0,0,3
data/final_data/resized_images/395219.webp,train,0,0,0,0,0,0,0,0,0,0,1,2,0,0,0,0,0,0,0,2,0,3,0,0,0,0,0,0,0,2,0,0,0,0,0,0,0,0,0,0,0,0,0,0,0,0,0,0,0,0,1,2,0,2,0,0,0,0,0,0,0,0,0,3
data/final_data/resized_images/396917.webp,train,2,0,0,2,2,0,0,2,0,0,0,0,0,0,0,0,0,0,0,0,0,0,0,0,0,0,0,0,0,0,3,3,0,1,0,3,2,0,0,3,0,0,0,3,2,2,2,3,0,0,0,0,0,0,0,0,0,0,0,0,0,0,0,0
data/final_data/resized_images/397027.webp,train,0,0,0,0,0,0,0,0,0,0,2,2,0,0,0,0,0,0,0,2,0,0,1,0,0,0,0,2,2,2,1,0,0,0,0,0,0,0,2,0,0,0,0,0,0,2,2,0,0,0,3,3,0,0,0,0,0,0,3,0,2,0,0,0
data/final_data/resized_images/397092.webp,train,0,0,0,0,0,0,0,0,2,0,0,0,0,0,0,0,1,2,0,0,0,0,3,0,0,0,2,0,0,3,0,0,0,0,0,2,0,0,0,0,0,0,0,2,2,3,3,0,0,0,0,0,0,0,0,3,0,0,0,0,0,0,0,0
data/final_data/resized_images/397128.webp,train,3,3,2,0,3,3,3,3,0,3,2,3,3,0,3,3,0,3,3,0,0,0,3,2,2,0,0,0,2,3,0,3,3,0,3,3,3,0,3,0,0,0,0,3,3,0,3,0,2,0,0,0,2,0,0,0,3,0,0,0,0,0,3,3
data/final_data/resized_images/397537.webp,train,0,0,0,0,0,2,0,0,0,0,0,0,2,0,0,0,0,0,0,0,0,0,0,0,0,0,0,0,2,2,0,0,0,0,1,0,3,2,3,0,0,0,0,0,0,0,0,0,0,0,0,0,0,0,0,0,0,0,0,0,0,0,0,0
data/final_data/resized_images/397627.webp,train,0,2,3,3,0,3,0,0,1,0,3,0,0,0,3,0,0,0,0,2,2,0,0,0,0,0,0,0,0,0,2,0,0,0,0,0,0,0,0,0,0,0,0,0,2,3,0,0,0,0,0,0,2,0,0,0,0,2,3,0,2,2,2,0
data/final_data/resized_images/397873.webp,train,0,0,0,0,0,0,0,0,0,0,0,0,0,0,0,0,0,0,0,0,0,0,3,0,0,0,0,0,0,0,0,0,0,2,0,0,0,1,0,0,0,0,3,3,3,0,0,0,0,2,3,0,3,0,0,0,0,2,0,0,3,0,0,0
data/final_data/resized_images/397daa57d55e.webp,train,0,0,0,0,2,2,0,2,0,0,2,0,1,1,0,2,0,1,2,2,1,1,2,0,0,2,2,0,0,3,0,0,0,2,2,3,3,2,0,2,0,2,2,3,3,2,0,3,0,2,3,3,3,2,3,2,0,2,0,3,3,0,0,0
data/final_data/resized_images/398279.webp,train,0,0,0,0,0,0,0,0,0,0,0,0,0,0,0,0,0,0,0,0,2,2,0,0,0,0,0,0,2,3,0,0,2,0,2,0,0,2,0,0,0,0,2,3,2,2,0,0,0,0,0,3,3,0,0,0,3,3,0,3,0,3,3,0
data/final_data/resized_images/400423.webp,train,0,0,0,0,0,0,0,0,0,0,0,0,0,2,3,0,0,0,2,0,0,0,2,0,0,2,0,0,0,2,2,2,0,2,1,0,3,2,0,2,0,0,1,3,3,2,2,0,0,3,0,3,3,0,3,0,0,2,0,3,3,2,3,0
data/final_data/resized_images/401962.webp,train,0,0,0,0,0,0,0,3,0,1,0,0,0,0,2,3,0,2,0,0,0,0,0,0,0,3,0,0,0,2,2,0,0,0,2,0,2,2,0,0,0,0,0,0,3,0,0,0,0,2,0,0,0,0,0,0,2,0,0,0,0,0,0,0
data/final_data/resized_images/402128.webp,train,2,2,0,0,0,2,0,0,0,0,0,0,2,2,2,0,0,0,0,0,0,0,2,2,1,0,2,2,0,2,2,0,0,3,3,0,0,0,0,0,0,3,3,2,0,0,2,0,0,3,3,0,3,0,0,0,0,3,3,2,3,3,0,0
data/final_data/resized_images/403432.webp,train,0,0,0,0,0,0,0,0,0,0,0,0,0,0,0,0,0,0,0,2,0,0,0,0,0,0,0,2,0,1,0,0,0,0,3,2,2,2,0,0,0,0,0,2,2,0,0,0,0,0,0,0,0,0,0,0,0,0,0,0,0,2,0,0
data/final_data/resized_images/403444.webp,train,0,0,1,0,0,0,0,0,0,0,0,2,2,0,0,0,0,0,0,3,0,0,0,0,0,0,0,2,0,0,0,0,0,0,0,0,2,0,0,0,0,0,0,0,0,0,3,0,0,0,3,0,0,0,3,0,0,0,0,0,0,0,0,0
data/final_data/resized_images/407884.jpeg,train,2,0,0,2,0,2,0,0,2,2,0,0,0,1,2,0,0,0,0,0,2,0,1,0,0,0,0,0,2,2,0,0,0,0,2,0,2,0,0,0,0,2,3,0,0,0,0,0,3,3,2,3,3,0,0,0,0,3,3,2,3,0,0,0
data/final_data/resized_images/407901.jpeg,train,0,0,0,0,0,0,0,0,0,0,0,2,2,0,0,0,0,1,2,2,2,0,0,0,0,2,2,0,0,2,0,0,0,0,3,0,0,2,0,0,0,0,0,0,0,2,0,0,0,0,0,0,0,2,2,0,0,0,0,0,0,2,0,0
data/final_data/resized_images/407909.jpeg,train,0,0,2,0,0,2,0,0,0,0,0,0,0,2,0,0,0,0,1,2,2,2,0,0,0,0,0,0,2,0,0,0,0,0,0,0,0,0,0,0,0,3,0,0,0,0,2,0,3,3,0,2,0,0,3,0,0,3,0,0,0,3,3,0
data/final_data/resized_images/407922.jpeg,train,0,2,0,0,0,0,0,2,0,2,0,2,0,0,0,0,0,0,0,2,2,2,0,0,3,0,2,2,2,2,1,1,3,2,2,2,2,2,2,0,3,0,2,0,0,0,2,0,3,0,2,0,0,0,0,0,3,0,3,0,3,0,0,0
data/final_data/resized_images/407924.jpeg,train,0,0,0,0,0,0,2,0,0,0,0,2,0,0,0,0,0,0,0,0,0,0,0,2,0,0,2,0,0,2,0,2,0,0,0,0,2,2,0,0,0,2,2,2,1,0,3,2,2,2,2,2,1,3,2,0,3,0,0,0,0,0,0,0
data/final_data/resized_images/407943.jpeg,train,0,0,2,2,2,0,0,0,0,0,0,0,0,0,0,0,0,0,2,2,2,0,0,0,0,0,2,0,1,2,0,0,3,3,0,0,1,0,0,0,3,3,0,0,2,0,0,0,3,3,0,0,3,0,0,0,3,3,0,3,3,3,0,0
data/final_data/resized_images/407970.jpeg,train,0,2,2,2,0,0,0,0,0,3,2,0,0,0,0,2,0,2,0,0,0,1,0,3,0,0,0,0,0,0,3,2,0,2,0,0,0,0,2,0,0,1,3,0,0,3,0,0,0,0,3,0,1,3,2,0,0,3,3,3,0,3,0,0
data/final_data/resized_images/407980.jpeg,train,0,0,0,0,3,0,0,0,2,0,0,0,0,0,0,0,0,0,2,3,0,0,3,0,0,0,0,2,0,0,0,2,0,0,0,2,0,0,0,1,3,0,0,3,0,0,0,0,3,0,2,0,2,0,0,0,3,0,0,0,0,0,0,0
data/final_data/resized_images/407987.jpeg,train,0,0,0,0,0,0,0,0,0,0,0,2,0,0,0,0,2,2,2,2,0,3,2,2,2,2,0,0,0,3,0,0,0,1,0,2,0,3,0,2,0,1,0,2,3,3,2,3,0,0,0,0,0,3,0,0,0,0,0,0,0,0,0,3
data/final_data/resized_images/408008.jpeg,train,0,0,0,0,0,0,2,2,0,0,0,0,0,0,0,2,0,3,3,0,0,0,2,0,2,0,3,2,0,2,0,0,0,3,3,0,0,2,0,0,0,0,0,0,2,2,2,0,0,0,0,2,2,3,2,0,2,0,2,2,2,0,0,0
data/final_data/resized_images/408023.jpeg,train,0,0,0,0,0,2,2,0,0,0,0,0,0,3,2,0,2,0,2,2,2,0,2,0,2,2,0,0,2,1,0,2,2,2,2,0,0,2,2,2,0,0,2,2,2,2,2,0,0,0,3,2,2,2,2,2,0,0,0,2,2,0,1,2
data/final_data/resized_images/408052.jpeg,train,0,3,2,2,0,0,0,0,0,0,2,2,2,0,0,0,3,2,2,0,0,2,1,2,0,2,0,0,2,2,1,0,0,0,0,0,3,0,3,3,0,0,0,0,3,2,3,3,0,0,0,3,0,0,3,3,0,0,0,3,3,2,3,3
data/final_data/resized_images/408065.jpeg,train,0,0,0,0,2,2,0,0,0,0,0,0,2,0,0,0,0,0,2,0,2,0,0,0,0,2,0,2,3,0,0,0,0,0,0,2,0,1,1,0,0,0,0,3,0,0,0,0,0,0,0,0,2,2,0,0,0,0,0,3,2,3,0,0
data/final_data/resized_images/408080.jpeg,train,0,0,0,0,0,0,0,0,0,0,0,1,0,0,0,0,0,0,0,1,2,0,0,0,0,2,2,2,0,0,0,0,2,2,2,0,0,0,0,0,0,0,0,3,3,0,0,0,0,0,0,3,0,0,2,0,0,0,0,0,3,0,0,3
data/final_data/resized_images/408104.jpeg,train,0,0,0,0,1,0,0,0,0,0,0,0,2,0,0,0,0,0,2,0,2,0,0,0,0,0,3,0,2,0,0,0,0,0,0,3,2,0,0,0,0,0,0,0,3,0,0,0,0,0,0,3,3,0,0,0,0,0,0,2,0,0,3,0
data/final_data/resized_images/408171.jpeg,train,0,0,0,2,0,0,0,0,0,0,0,0,2,2,2,0,0,0,0,2,2,2,2,0,0,0,0,0,3,2,2,0,0,0,0,0,2,2,0,0,0,0,0,0,0,0,0,0,1,0,0,0,0,2,0,2,2,0,0,2,2,2,2,0
data/final_data/resized_images/408197.jpeg,train,0,0,0,0,0,0,0,0,0,0,2,2,0,0,3,0,0,0,2,2,0,2,2,0,0,2,2,0,0,0,0,0,0,0,1,0,0,3,2,0,0,0,2,2,2,3,2,2,0,0,0,0,1,3,0,3,0,0,0,0,2,3,2,3
data/final_data/resized_images/408257.jpeg,train,0,0,2,0,0,0,0,0,0,0,0,2,2,0,0,0,0,0,0,2,2,0,0,0,0,0,3,0,0,0,0,0,1,1,0,2,3,0,0,0,0,0,2,2,2,0,0,0,3,0,0,3,3,0,0,0,3,0,3,3,0,2,0,0
data/final_data/resized_images/408278.jpeg,train,0,0,2,2,2,0,0,0,0,2,2,2,0,0,0,0,0,0,0,2,0,0,0,0,0,2,0,2,2,0,0,0,0,0,2,2,2,0,0,0,0,0,0,0,0,0,0,0,0,0,0,0,0,0,0,1,0,0,0,0,0,0,0,0
data/final_data/resized_images/408312.jpeg,train,0,0,2,0,2,0,0,0,0,0,2,0,0,0,0,0,0,2,2,2,0,0,0,0,0,0,0,0,2,0,0,0,0,0,0,0,0,0,1,0,0,2,2,3,3,0,2,0,0,2,2,3,3,0,0,2,0,3,2,3,3,0,0,0
data/final_data/resized_images/408315.jpeg,train,0,0,2,2,0,0,2,0,2,0,0,0,0,2,0,0,2,0,0,0,0,2,0,0,0,0,0,0,1,2,0,0,0,2,0,3,0,2,3,2,0,0,0,3,0,0,0,2,0,0,0,3,0,0,0,3,0,0,0,0,0,0,0,0
data/final_data/resized_images/408318.jpeg,train,2,0,2,2,0,0,0,0,2,2,0,0,2,0,0,0,0,2,2,2,0,0,2,0,0,2,0,0,0,0,0,0,0,2,0,0,0,0,0,0,0,2,0,0,2,0,0,0,0,0,0,0,0,0,0,0,0,0,0,0,2,0,0,0
data/final_data/resized_images/408327.webp,train,0,0,0,2,2,0,0,2,0,0,0,0,2,2,0,0,0,0,0,2,0,0,0,0,0,0,3,2,0,3,0,0,0,0,3,2,2,0,2,0,0,0,0,0,3,3,2,0,0,0,3,1,3,3,2,0,0,0,1,1,3,3,2,0
data/final_data/resized_images/408330.jpeg,train,0,0,0,0,0,0,0,0,0,0,0,0,0,0,0,0,0,0,0,0,0,0,0,0,0,3,0,0,2,0,0,0,3,3,2,0,2,2,0,0,3,3,0,0,0,2,2,1,3,3,0,0,2,2,0,2,3,3,0,0,0,0,0,0
data/final_data/resized_images/408508.jpeg,train,0,0,0,0,0,1,0,0,0,0,0,0,2,2,0,0,0,0,0,2,2,0,0,0,0,2,2,0,0,0,0,0,0,0,0,0,2,0,0,0,0,0,3,0,0,0,0,0,0,0,3,0,2,0,0,0,0,0,3,2,3,0,0,0
data/final_data/resized_images/408580.jpeg,train,0,0,0,0,0,3,0,0,0,0,0,0,0,0,2,0,0,0,3,0,0,0,2,2,0,0,0,0,2,0,0,0,1,1,2,3,3,0,0,0,1,1,2,3,3,0,0,0,0,0,0,3,3,2,0,0,3,2,0,3,3,0,0,0
data/final_data/resized_images/408596.jpeg,train,0,0,0,3,3,3,3,0,0,0,0,2,3,3,3,3,0,0,0,2,2,3,3,3,0,3,0,0,3,1,3,0,0,3,0,3,3,0,3,0,3,0,0,3,3,3,3,0,0,0,0,3,0,0,0,0,0,0,3,3,0,0,0,0
data/final_data/resized_images/408652.jpeg,train,0,0,0,0,0,0,0,0,0,0,0,0,0,0,0,0,0,0,0,0,0,0,0,1,2,0,2,0,0,0,0,1,2,0,0,2,2,0,0,0,2,2,2,2,2,0,0,0,2,2,2,0,0,0,0,0,0,0,0,0,0,0,0,0
data/final_data/resized_images/408738.webp,train,0,0,0,0,0,0,0,0,0,2,3,0,0,0,0,0,0,0,0,0,0,0,0,0,0,0,0,0,0,0,0,0,0,0,0,0,0,0,0,3,0,2,1,1,0,0,0,3,0,0,0,0,0,0,0,1,0,0,0,0,0,0,0,0
data/final_data/resized_images/408828.jpeg,train,0,0,0,0,2,2,0,0,0,0,0,2,2,0,0,0,0,0,0,2,0,0,0,0,0,0,0,2,1,1,0,0,0,0,0,3,0,0,0,0,0,0,0,0,0,0,0,0,0,0,2,0,0,0,0,0,0,3,0,0,3,0,0,0
data/final_data/resized_images/408878.jpeg,train,0,0,1,0,0,0,0,0,0,0,0,0,0,0,0,0,0,0,0,0,0,0,0,0,0,0,0,0,0,2,0,0,0,0,0,0,3,0,0,3,0,0,0,0,3,2,0,0,0,0,1,0,3,0,0,0,0,0,0,0,0,3,0,0
data/final_data/resized_images/408987.jpeg,train,2,2,0,0,2,0,0,0,0,2,2,2,0,2,0,0,2,0,0,2,0,2,2,0,0,0,0,0,2,0,2,0,2,0,2,2,1,2,0,0,0,0,0,0,3,2,0,3,0,2,2,0,3,0,0,3,0,0,0,3,3,3,0,0
data/final_data/resized_images/408989.webp,train,0,0,0,0,0,0,0,1,0,2,2,2,0,0,0,0,0,0,2,2,0,0,0,0,2,2,0,2,3,0,0,0,0,0,0,2,3,2,3,3,0,0,0,0,2,0,3,3,0,0,0,0,0,0,0,3,3,0,0,0,0,2,0,3
data/final_data/resized_images/408990.webp,train,0,0,0,0,0,0,0,0,0,0,0,2,0,2,0,2,0,2,2,0,0,2,2,0,2,2,2,2,2,0,0,2,0,0,0,2,2,0,2,2,2,0,0,0,2,0,2,2,0,0,0,3,2,3,0,0,0,3,3,0,2,3,0,0
data/final_data/resized_images/408993.webp,train,2,0,2,0,0,2,0,0,0,0,2,2,2,2,2,0,0,0,0,0,0,0,2,2,0,0,2,0,0,2,2,0,2,2,0,0,3,0,2,0,0,0,0,0,3,1,0,2,0,0,0,0,3,0,0,0,1,0,0,0,3,0,0,0
data/final_data/resized_images/408995.webp,train,0,0,2,2,0,2,0,0,0,0,0,2,2,2,0,0,0,0,2,2,2,0,0,0,0,0,0,0,2,2,0,0,0,0,0,0,0,0,0,0,0,0,0,2,0,0,0,0,0,3,2,0,0,0,0,0,0,0,2,0,3,0,0,0
data/final_data/resized_images/408996.jpeg,train,0,0,0,0,0,0,0,0,0,0,0,0,0,0,0,0,0,0,0,0,0,0,0,0,0,2,0,0,0,0,0,3,0,0,0,2,0,1,0,0,0,2,0,0,2,0,1,0,0,0,0,0,0,3,3,0,0,0,0,0,0,0,0,0
data/final_data/resized_images/408998.webp,train,0,0,2,0,0,0,0,0,0,0,0,2,2,1,0,0,0,0,0,2,2,0,0,0,0,0,0,2,2,0,0,0,0,0,0,0,2,0,0,0,0,2,3,0,0,0,0,0,0,0,3,0,0,0,0,0,0,0,3,0,0,2,0,0
data/final_data/resized_images/409001.webp,train,0,0,0,0,0,0,0,0,0,0,2,2,0,0,0,0,0,0,3,0,0,2,0,0,0,0,2,0,0,0,0,0,0,0,2,0,2,2,0,0,0,0,2,0,2,0,0,0,0,2,2,3,2,0,0,0,0,0,2,0,0,0,0,0
data/final_data/resized_images/409002.webp,train,0,0,0,0,0,0,0,0,0,0,0,2,0,0,0,0,0,1,0,0,0,3,0,0,0,2,2,2,0,0,0,0,0,0,0,2,0,0,0,0,0,0,0,2,2,0,2,0,0,0,0,2,0,2,2,0,0,0,0,0,0,0,0,0
data/final_data/resized_images/409003.webp,train,0,0,0,0,0,0,0,0,0,0,0,0,2,0,0,0,0,0,0,0,2,0,2,0,0,0,0,0,2,0,0,2,3,0,0,0,2,2,2,0,3,0,0,2,2,0,3,0,3,0,2,0,0,0,2,0,3,0,0,0,0,0,0,0
data/final_data/resized_images/409005.webp,train,0,0,0,0,0,2,2,0,0,0,0,0,0,2,2,0,0,0,0,0,0,3,2,0,0,0,0,0,0,0,2,0,0,3,0,0,2,0,0,0,2,3,0,0,0,0,0,0,1,3,0,3,2,3,0,3,0,0,0,0,0,0,0,0
data/final_data/resized_images/409006.webp,train,0,2,2,0,0,0,0,0,0,0,2,2,0,0,0,0,0,0,2,2,0,2,0,0,0,0,0,0,0,3,0,0,0,0,0,3,0,0,0,0,0,0,0,0,0,0,0,0,0,0,0,2,0,0,0,0,1,0,0,0,3,0,0,0
data/final_data/resized_images/409024.webp,train,0,0,0,0,0,0,0,2,0,0,0,0,0,0,2,2,0,0,0,0,0,0,2,0,0,0,2,2,2,2,3,0,0,0,0,2,0,0,1,0,0,0,0,0,2,0,0,0,0,0,0,3,0,3,0,0,0,0,0,2,0,3,0,0
data/final_data/resized_images/409025.webp,train,0,0,2,0,0,0,0,0,0,0,2,0,0,0,0,0,0,0,2,1,0,2,0,0,0,0,2,2,0,0,2,0,0,0,2,2,2,2,0,0,0,0,2,2,0,2,3,0,0,0,2,3,0,0,0,0,0,0,3,2,0,0,0,0
data/final_data/resized_images/409027.webp,train,0,0,0,0,0,0,0,0,0,2,2,2,0,0,0,0,2,0,2,2,0,0,0,0,0,0,2,3,0,0,0,0,0,0,0,2,0,0,3,0,0,0,0,3,0,0,3,0,3,0,2,0,3,3,3,0,3,3,3,3,3,3,3,3
data/final_data/resized_images/409028.webp,train,0,0,2,0,3,0,0,0,0,0,2,0,2,2,0,0,0,0,2,0,0,2,0,0,0,0,3,3,0,0,0,0,0,0,2,3,0,3,0,0,0,0,3,0,3,3,3,3,0,0,0,0,0,3,0,0,0,0,3,0,0,3,0,0
data/final_data/resized_images/409031.webp,train,0,0,0,2,0,0,0,0,0,0,0,3,0,0,0,0,0,0,2,2,0,3,0,0,0,0,0,0,0,0,0,0,0,0,0,2,2,2,2,2,0,0,0,0,2,2,2,2,0,0,0,2,2,2,0,0,0,2,2,2,2,0,0,0
data/final_data/resized_images/409036.webp,train,0,0,0,0,2,2,2,0,0,0,0,0,2,2,2,0,0,0,0,3,2,2,2,0,0,3,0,0,3,0,0,0,0,0,0,0,0,0,0,0,3,3,0,0,0,0,0,0,3,3,0,2,2,0,0,3,3,3,0,0,0,0,0,0
data/final_data/resized_images/409050.webp,train,0,0,1,0,0,0,0,0,0,0,0,2,2,0,0,0,0,0,0,0,2,2,2,0,0,0,0,0,2,0,3,0,0,0,0,2,2,2,0,0,0,0,0,3,2,2,0,0,0,0,0,3,0,0,0,0,0,0,0,3,0,0,0,0
data/final_data/resized_images/409051.webp,train,0,0,0,2,2,2,0,0,0,0,0,0,2,2,0,0,0,0,0,0,0,2,2,0,0,0,0,0,0,0,0,0,3,0,0,0,3,0,2,0,3,2,0,2,2,0,0,0,3,0,0,2,0,0,0,2,3,0,0,0,3,0,3,0
data/final_data/resized_images/409053.webp,train,0,2,2,2,2,0,0,0,0,2,2,2,2,0,0,0,0,2,0,3,0,0,0,0,0,0,0,3,0,0,0,0,2,0,0,0,0,0,0,2,0,0,0,0,3,0,0,3,0,2,0,2,0,2,2,3,2,2,2,2,0,2,2,2
data/final_data/resized_images/409055.webp,train,0,0,2,0,0,0,0,0,0,0,2,0,0,0,0,0,0,0,2,0,0,0,0,0,0,0,3,0,0,0,0,0,0,0,0,0,0,0,0,0,0,0,0,3,0,0,0,0,0,0,0,2,0,0,0,0,3,0,0,0,0,0,0,0
data/final_data/resized_images/409060.webp,train,0,0,0,0,2,2,2,0,2,0,2,0,0,2,0,0,0,2,2,0,2,3,0,2,0,0,0,0,2,3,0,0,0,0,2,0,0,0,0,0,0,0,0,3,3,0,0,0,0,0,0,2,3,0,0,0,0,0,0,3,0,0,0,0
data/final_data/resized_images/409061.webp,train,0,0,2,2,2,0,0,0,2,0,2,2,2,2,0,0,0,0,0,2,2,2,0,2,0,0,0,0,0,0,0,0,2,0,0,2,2,2,0,0,0,0,0,0,2,0,0,0,0,2,0,0,0,0,2,0,0,0,0,0,3,0,2,0
data/final_data/resized_images/409067.webp,train,0,0,0,0,2,0,0,0,0,0,0,0,2,0,0,0,0,0,0,0,2,2,0,0,0,0,0,0,0,2,0,0,0,2,3,3,0,0,0,0,0,0,3,3,0,0,3,0,2,0,0,3,2,2,0,0,0,0,3,3,0,0,3,0
data/final_data/resized_images/409071.webp,train,2,0,0,0,0,0,2,0,0,0,0,0,2,2,2,0,0,2,0,0,0,2,2,0,0,1,2,2,0,2,2,2,2,0,2,3,0,0,2,2,0,0,0,3,2,0,0,0,3,2,2,3,2,0,0,0,0,0,0,3,0,0,0,0
data/final_data/resized_images/409078.webp,train,0,0,2,0,0,0,0,2,2,0,0,0,2,0,0,2,2,0,0,0,0,0,0,0,2,0,0,2,1,2,0,2,0,2,2,2,2,2,0,0,0,2,0,0,2,2,0,0,0,0,0,0,2,0,2,2,0,3,3,0,3,0,0,0
data/final_data/resized_images/409082.webp,train,2,0,0,0,0,0,0,0,2,2,2,0,0,0,0,0,2,2,2,0,0,0,0,0,0,0,0,0,0,0,0,0,0,0,0,0,0,0,3,3,0,0,2,2,2,0,3,3,0,0,0,2,0,0,3,3,0,0,2,0,0,0,0,0
data/final_data/resized_images/409086.webp,train,0,2,0,0,0,2,2,0,0,0,0,0,0,2,2,0,0,2,2,2,2,2,0,0,0,0,2,0,1,0,2,0,0,2,2,3,3,2,0,0,0,0,0,3,3,0,0,3,0,0,3,3,3,0,0,3,0,0,0,3,3,3,0,2
data/final_data/resized_images/409088.webp,train,0,0,0,0,0,0,0,0,0,2,0,2,2,0,0,0,0,0,1,0,1,0,0,0,2,0,2,3,0,1,0,0,0,0,2,0,0,0,0,0,0,2,2,2,2,0,0,0,0,0,0,2,0,0,2,0,0,0,3,2,0,3,2,0
data/final_data/resized_images/409091.webp,train,0,0,0,0,0,0,0,0,0,0,0,0,0,2,0,0,0,0,0,0,0,2,0,0,0,0,0,2,0,2,2,0,0,0,0,2,2,2,2,2,0,2,0,3,2,2,0,2,0,0,2,0,0,0,0,0,0,0,0,0,0,3,0,0
data/final_data/resized_images/409092.webp,train,0,0,0,0,0,0,0,0,0,0,0,0,0,0,0,0,0,0,0,0,0,0,0,0,0,0,0,2,2,0,0,0,0,0,0,2,2,0,0,0,0,0,2,2,0,0,0,2,0,2,2,2,0,0,0,0,0,2,3,0,0,0,0,0
data/final_data/resized_images/409093.webp,train,0,0,0,0,2,0,0,0,0,0,0,2,2,0,0,0,0,0,0,2,2,0,0,3,0,0,0,0,0,0,0,0,0,0,0,0,3,0,0,0,3,0,0,0,2,0,0,0,3,0,0,0,0,3,0,0,3,0,0,0,2,2,0,0
data/final_data/resized_images/409094.webp,train,0,0,0,0,0,0,0,0,2,2,0,0,0,0,0,0,2,0,0,0,0,0,0,2,2,2,0,0,0,0,0,2,3,3,0,3,3,2,2,0,3,3,0,3,3,0,2,0,2,3,0,3,2,2,0,0,0,0,0,3,0,2,0,0
data/final_data/resized_images/409096.webp,train,0,0,0,0,0,0,0,2,0,2,0,0,2,0,2,2,2,2,0,2,0,0,2,2,0,2,0,0,2,0,2,3,0,0,2,0,2,0,0,3,1,0,2,0,0,3,3,3,0,0,2,2,0,0,0,2,0,2,2,3,0,3,2,3
data/final_data/resized_images/409101.webp,train,0,0,0,0,0,0,0,0,0,0,0,0,0,0,0,0,0,0,0,0,0,0,0,0,0,2,0,0,0,0,0,0,0,0,0,0,0,1,0,0,0,0,0,2,0,0,0,0,0,0,0,0,0,0,0,0,0,0,0,0,3,2,0,0
data/final_data/resized_images/409116.jpg,train,0,0,0,2,3,0,2,0,0,0,0,2,2,0,2,0,0,0,2,1,3,2,2,0,0,0,0,2,2,2,2,0,2,0,0,2,0,3,3,0,0,3,3,3,2,0,0,0,0,3,0,0,0,3,3,0,0,3,3,0,3,3,3,2
data/final_data/resized_images/409117.jpeg,train,0,0,0,0,2,0,0,0,0,0,0,2,2,0,0,0,0,0,0,2,2,0,0,0,0,0,0,2,0,0,0,0,0,3,0,2,2,2,0,0,0,3,0,0,0,0,0,0,0,3,0,0,2,0,0,0,0,3,0,0,2,0,0,0
data/final_data/resized_images/409180.jpeg,train,0,0,0,0,0,0,0,0,0,0,2,2,2,1,2,0,0,0,2,0,2,0,0,0,0,0,2,2,2,0,2,0,0,0,2,2,2,0,0,0,1,0,2,0,0,0,2,0,1,0,2,3,0,2,2,3,0,0,2,0,0,2,2,0
data/final_data/resized_images/409184.jpeg,train,0,0,0,0,0,0,0,3,0,0,0,0,0,0,0,0,0,0,0,3,2,3,0,0,0,3,0,2,2,3,0,0,3,2,2,3,2,3,0,0,0,2,0,3,2,1,1,3,0,0,0,3,2,1,1,0,0,0,0,3,3,0,0,0
data/final_data/resized_images/409201.webp,train,0,0,0,0,0,0,0,0,0,0,3,0,2,2,0,0,0,0,0,0,2,2,0,0,0,0,0,3,0,0,0,0,0,0,0,0,0,0,0,0,0,0,0,0,0,3,0,0,0,0,0,0,3,0,2,0,0,0,0,0,3,0,3,0
data/final_data/resized_images/409251.jpeg,train,0,0,0,0,2,2,2,2,0,2,2,2,2,2,2,2,0,2,2,0,2,0,2,0,0,2,3,0,2,2,2,0,0,2,3,2,0,2,2,0,2,3,3,0,2,2,2,0,2,1,3,0,0,0,2,2,0,0,0,0,0,0,0,0
data/final_data/resized_images/409281.jpeg,train,0,0,0,0,0,0,0,0,0,0,0,0,3,0,0,0,0,2,2,0,0,2,0,0,0,0,2,2,0,0,0,0,0,2,0,2,2,2,0,0,0,0,0,3,2,0,0,0,0,3,0,0,2,0,0,0,0,0,0,0,0,0,0,0
data/final_data/resized_images/409301.jpeg,train,0,0,0,2,0,0,0,0,0,0,0,0,2,2,0,0,0,0,0,2,2,2,0,0,0,0,0,0,0,0,0,0,0,0,0,2,2,3,2,0,0,0,2,2,0,2,0,2,2,2,2,0,0,0,3,3,0,0,0,0,0,0,0,0
data/final_data/resized_images/409306.webp,train,0,0,0,0,0,2,0,2,0,2,2,2,0,0,0,0,0,0,2,2,0,0,0,0,0,0,2,0,2,0,2,0,0,0,0,2,2,0,2,0,0,0,0,0,3,3,0,0,0,0,0,3,0,3,3,0,2,2,2,2,0,1,0,0
data/final_data/resized_images/409348.jpeg,train,0,2,0,0,2,0,0,0,0,0,0,0,2,2,0,0,0,2,2,2,0,2,0,0,3,0,0,0,0,3,0,0,3,0,0,2,2,2,0,0,3,0,2,2,2,2,2,2,3,0,0,0,0,2,1,2,0,0,0,0,0,0,0,0
data/final_data/resized_images/409364.jpeg,train,0,0,0,2,0,0,0,0,0,0,0,2,2,0,0,0,0,0,3,2,0,0,0,0,0,0,2,2,1,0,0,0,3,2,0,2,3,0,2,3,2,2,0,0,3,0,0,0,0,1,3,2,3,0,0,2,0,0,3,3,3,0,0,0
data/final_data/resized_images/409440.jpeg,train,0,0,0,0,0,0,0,0,3,1,0,0,2,0,0,0,0,1,0,0,0,0,0,0,0,0,0,0,0,2,2,0,0,0,0,0,0,0,3,0,0,0,0,0,2,0,3,0,0,0,0,3,3,2,3,0,0,1,2,0,0,0,3,0
data/final_data/resized_images/409443.webp,train,0,0,2,2,3,0,0,0,0,0,2,0,0,0,0,0,0,0,2,2,2,2,0,0,0,0,0,0,2,1,1,3,0,0,0,2,0,1,2,0,0,0,0,0,2,2,2,0,0,3,0,0,2,0,2,2,0,0,0,0,3,0,0,0
data/final_data/resized_images/409477.webp,train,0,0,1,1,0,0,0,0,0,0,2,2,0,0,0,0,0,0,0,0,0,0,0,0,0,0,0,0,0,0,0,0,0,0,0,0,2,2,0,0,0,0,0,3,2,0,0,0,0,0,3,3,0,0,0,0,0,0,3,3,0,0,0,0
data/final_data/resized_images/409507.webp,train,2,0,0,0,0,2,0,0,0,0,0,0,0,2,0,0,0,2,0,0,2,0,1,0,0,2,2,0,0,0,0,2,0,0,0,2,2,3,2,0,0,0,0,2,0,0,3,3,0,0,0,0,0,2,0,3,0,0,0,0,0,0,0,3
data/final_data/resized_images/409520.webp,train,2,0,0,2,2,0,2,2,2,0,2,0,2,2,2,2,3,2,0,0,0,3,2,0,2,0,0,2,0,0,0,0,0,2,0,2,3,2,0,2,0,2,2,2,0,2,0,0,3,3,2,1,0,2,0,0,3,0,0,0,0,0,0,0
data/final_data/resized_images/409523.jpeg,train,0,2,0,0,0,0,0,0,0,0,0,2,2,2,0,0,0,1,0,0,2,2,0,0,0,0,0,0,0,0,0,0,0,3,1,3,2,0,0,0,0,3,3,3,2,0,0,0,0,0,3,3,2,0,0,0,0,0,3,3,0,0,0,0
data/final_data/resized_images/409528.webp,train,0,0,0,1,0,0,0,0,0,0,0,0,0,2,2,0,0,0,0,2,0,2,0,1,2,0,2,2,0,2,2,2,2,0,0,2,2,2,0,2,2,2,0,2,2,2,2,2,2,0,0,0,0,2,2,0,2,0,0,2,0,2,2,2
data/final_data/resized_images/409531.webp,train,3,0,0,0,0,0,0,2,3,3,3,0,1,1,3,3,3,0,0,2,1,0,0,0,0,0,0,2,2,2,0,0,3,0,3,2,3,2,3,0,0,2,0,0,2,0,0,0,2,2,0,2,0,0,0,0,0,3,3,2,0,0,0,3
data/final_data/resized_images/409544.jpeg,train,0,1,0,0,0,0,0,0,0,0,0,0,0,2,0,0,0,0,0,0,2,0,0,0,0,0,0,0,0,2,0,0,0,0,0,0,0,2,0,0,0,2,0,0,3,2,2,2,0,0,2,3,3,2,2,0,0,0,0,3,3,2,0,0
data/final_data/resized_images/409550.webp,train,0,2,0,0,1,0,0,0,2,0,0,2,3,0,0,0,0,0,0,0,0,2,0,0,2,0,2,2,2,0,0,0,2,2,0,3,0,0,0,0,0,0,0,0,0,0,0,0,0,0,0,0,2,0,2,0,0,3,0,0,2,0,0,2
data/final_data/resized_images/409556.jpeg,train,0,2,2,0,2,0,2,0,0,0,0,0,0,3,0,0,0,0,0,0,0,0,0,0,0,0,3,0,0,2,0,0,0,0,2,0,2,0,2,0,0,2,1,1,2,0,0,0,0,3,3,3,0,0,0,0,3,3,2,3,0,3,0,0
data/final_data/resized_images/409575.webp,train,0,0,0,2,0,0,2,0,0,0,1,0,0,0,0,0,0,0,0,0,0,0,0,0,0,0,0,0,3,0,0,0,0,0,2,0,0,0,0,0,3,0,2,2,3,2,0,0,0,0,0,3,0,0,3,0,0,0,0,0,0,0,3,0
data/final_data/resized_images/409593.webp,train,2,2,0,0,0,2,0,0,0,2,0,2,2,2,2,0,2,0,0,0,2,2,2,0,0,0,0,0,0,0,2,0,0,3,0,0,0,0,2,0,1,3,0,0,0,0,0,0,3,3,0,0,2,2,0,0,0,3,0,3,0,0,0,0
data/final_data/resized_images/409663.jpeg,train,0,0,0,0,0,0,0,1,0,0,0,0,0,0,0,0,0,0,0,1,0,0,0,0,0,2,2,0,0,0,0,2,0,2,3,3,3,0,2,2,0,0,2,3,0,0,2,0,2,2,0,3,0,0,2,0,0,3,3,3,3,3,3,3
data/final_data/resized_images/409686.jpeg,train,0,0,0,0,0,0,0,0,0,0,0,0,0,0,2,0,1,0,0,0,0,0,2,0,0,0,0,0,2,2,2,0,0,0,0,2,3,0,0,0,3,0,0,3,3,0,0,0,0,3,2,0,3,0,3,0,0,0,0,0,0,0,0,0
data/final_data/resized_images/409709.jpeg,train,0,0,0,0,0,0,0,0,0,0,0,0,0,0,0,1,2,2,0,2,0,0,0,0,2,2,2,2,0,0,0,0,2,2,2,2,0,0,0,0,0,2,2,3,3,0,0,0,2,2,0,2,0,0,0,0,0,0,2,2,3,0,0,0
data/final_data/resized_images/409733.webp,train,0,0,0,0,3,2,0,0,0,0,0,0,1,0,0,0,0,0,0,1,2,2,0,0,0,0,0,2,2,2,2,0,0,3,3,0,2,2,2,0,0,3,3,0,2,0,0,0,0,3,3,3,0,0,0,0,0,0,0,0,0,0,0,0
data/final_data/resized_images/409746.webp,train,0,0,0,0,0,0,0,0,0,0,0,0,0,3,2,0,0,0,2,0,0,3,0,3,0,2,2,2,0,2,1,0,0,2,2,3,2,2,0,3,0,0,0,3,3,0,2,0,0,0,0,3,3,0,2,3,3,0,3,3,3,3,3,3
data/final_data/resized_images/409749.webp,train,0,0,0,0,0,0,0,0,0,2,0,0,0,0,0,0,0,3,0,2,0,0,0,0,0,0,2,2,2,0,0,1,0,0,2,0,3,3,0,1,0,0,3,2,3,3,0,0,0,0,2,0,3,3,0,0,0,0,3,3,3,3,0,0
data/final_data/resized_images/409750.webp,train,0,0,0,0,0,0,0,0,0,0,0,0,0,0,0,0,0,0,0,0,0,0,0,0,0,0,2,2,0,0,0,0,0,2,2,0,0,0,0,0,0,2,2,2,2,2,0,0,2,0,2,0,2,2,2,0,0,0,3,0,0,0,3,0
data/final_data/resized_images/409758.webp,train,0,0,0,0,0,0,0,0,2,0,0,0,0,0,3,0,0,0,2,0,0,2,2,0,0,0,0,0,2,0,2,0,0,0,1,0,0,2,0,0,0,0,3,0,0,2,3,0,0,0,0,3,3,0,0,0,0,0,0,0,3,0,0,0
data/final_data/resized_images/409760.webp,train,0,0,0,0,0,0,0,2,2,0,0,0,0,0,0,2,0,2,0,0,0,0,2,2,0,0,3,2,2,2,2,0,0,0,2,2,0,0,2,1,0,0,3,2,2,0,0,0,0,3,0,3,2,2,0,2,0,0,0,1,0,0,0,0
data/final_data/resized_images/409761.webp,train,0,0,0,0,0,0,0,0,0,0,0,0,0,2,0,0,0,0,0,0,2,2,2,0,0,0,0,0,3,2,2,0,3,0,0,0,3,0,2,0,3,0,0,0,0,0,0,0,3,0,0,0,0,3,0,0,0,0,0,0,0,0,0,0
data/final_data/resized_images/409762.webp,train,0,0,0,1,0,0,0,0,0,0,0,0,0,0,0,0,0,0,0,0,2,3,0,0,0,0,0,0,2,2,0,0,0,3,0,0,2,2,2,0,0,3,0,0,2,3,0,0,0,3,0,0,2,0,0,0,3,3,0,0,0,0,0,0
data/final_data/resized_images/409763.webp,train,0,0,0,0,0,0,0,0,0,0,0,0,1,0,0,0,0,0,0,0,1,0,0,2,2,2,0,0,0,0,0,2,2,2,0,0,0,0,0,2,2,2,0,0,0,0,0,3,0,0,0,0,0,0,0,0,0,0,0,0,0,0,0,3
data/final_data/resized_images/409765.webp,train,0,0,0,0,0,0,0,0,0,0,2,2,2,0,0,2,0,0,2,2,2,0,0,0,0,2,2,2,3,0,0,0,2,2,0,2,3,1,3,0,2,2,0,2,0,0,3,1,0,3,0,3,3,0,3,2,0,0,0,3,3,0,3,0
data/final_data/resized_images/409767.webp,train,0,0,0,0,0,2,0,0,0,2,0,0,2,0,0,0,0,0,0,2,2,0,0,0,0,0,2,0,2,0,0,0,0,0,2,2,2,2,2,2,0,0,0,0,2,0,2,1,0,2,0,0,0,0,0,0,3,0,0,3,0,1,0,0
data/final_data/resized_images/409768.webp,train,2,0,2,0,0,2,2,0,2,2,3,0,3,2,2,2,0,0,0,3,2,0,3,0,2,3,3,0,0,3,3,0,0,0,0,0,3,0,0,2,0,0,0,3,0,2,0,3,3,2,2,3,3,3,2,3,3,3,0,3,3,3,0,3
data/final_data/resized_images/409812.webp,train,0,0,0,0,0,0,0,0,0,0,0,0,3,0,3,0,0,0,0,0,0,0,3,0,0,2,2,3,0,0,0,0,0,0,0,0,0,2,2,0,2,0,2,0,0,2,3,0,2,0,2,0,0,3,3,0,2,3,2,2,0,3,3,0
data/final_data/resized_images/409825.webp,train,0,0,0,0,0,0,0,0,0,0,0,2,0,0,0,0,0,0,0,2,0,2,0,0,0,3,3,0,2,0,3,3,0,0,0,0,2,0,0,3,0,0,0,0,2,3,0,3,0,0,0,0,0,0,0,0,0,0,0,0,0,0,0,0
data/final_data/resized_images/409826.webp,train,0,0,0,0,0,0,0,0,0,0,0,0,0,0,0,0,0,2,0,0,0,0,0,0,0,2,0,0,2,2,0,2,3,1,0,0,3,2,3,2,3,0,0,2,3,3,3,2,3,3,3,0,2,0,3,3,0,0,0,0,0,0,0,0
data/final_data/resized_images/409834.webp,train,0,0,0,0,2,2,2,0,0,0,3,0,2,2,2,2,0,0,0,0,2,2,2,2,0,0,2,0,2,2,2,2,0,0,3,3,3,0,0,2,0,0,0,3,3,3,0,0,0,3,3,2,3,3,0,3,0,0,3,0,3,3,3,3
data/final_data/resized_images/409842.webp,train,0,0,0,0,0,0,0,0,0,0,0,0,2,0,0,0,0,0,0,0,2,0,0,1,0,0,0,0,0,0,0,0,0,2,2,1,0,1,3,0,0,3,2,0,3,0,3,0,0,2,2,3,3,3,0,0,0,0,0,3,2,3,0,0
data/final_data/resized_images/409847.webp,train,0,0,0,0,2,0,0,0,0,0,0,0,2,2,1,3,0,0,0,0,2,2,2,0,0,0,0,0,0,0,2,0,0,0,0,0,2,0,0,0,0,0,0,0,0,0,0,0,0,0,0,0,0,2,0,0,0,0,0,0,2,0,0,0
data/final_data/resized_images/409857.webp,train,0,0,0,0,0,0,0,0,0,0,2,0,0,0,0,0,0,0,2,0,2,0,0,0,0,2,0,2,2,0,0,0,0,0,2,2,2,0,0,0,0,0,0,2,0,0,0,0,0,2,0,0,0,0,0,0,0,0,0,0,0,0,3,0
data/final_data/resized_images/409865.webp,train,0,0,0,0,2,0,0,0,0,0,0,0,2,2,0,0,0,0,0,2,2,2,0,0,0,0,0,0,2,0,0,0,0,3,3,0,0,0,0,0,2,3,3,0,0,0,1,0,0,3,3,0,3,0,1,0,0,3,3,0,0,0,0,0
data/final_data/resized_images/409868.webp,train,0,2,0,0,0,0,0,0,0,0,0,0,2,0,2,0,0,0,2,0,0,2,0,2,1,0,0,0,0,2,0,2,0,0,0,0,0,0,2,2,0,0,2,0,0,0,2,2,0,0,2,2,2,3,2,2,0,2,2,0,2,2,2,0
data/final_data/resized_images/409869.webp,train,3,3,0,2,0,2,2,3,0,0,2,2,0,2,2,0,0,2,0,2,2,2,0,0,0,2,3,0,0,0,3,0,3,3,2,0,0,0,0,0,0,0,2,0,0,3,2,0,0,0,0,3,0,0,0,0,0,0,2,2,0,3,2,0
data/final_data/resized_images/409871.webp,train,0,0,0,2,2,0,0,0,0,0,0,0,2,0,0,0,0,0,0,0,2,0,0,0,0,0,0,0,0,3,0,0,3,0,3,3,0,0,0,0,0,3,3,3,0,2,2,2,0,0,3,3,0,3,0,0,0,0,0,0,0,0,0,0
data/final_data/resized_images/409873.webp,train,0,0,0,0,0,2,0,0,0,2,2,0,0,2,0,0,0,0,0,2,0,0,0,0,0,2,3,0,0,2,0,0,2,0,0,2,0,0,0,2,2,2,0,2,0,0,2,2,2,2,0,0,2,2,2,0,0,0,0,0,2,2,0,0
data/final_data/resized_images/409874.webp,train,0,0,0,0,0,0,0,0,0,0,0,2,0,0,0,0,0,0,2,2,0,0,0,0,0,0,0,2,0,0,0,0,0,0,2,3,3,0,0,0,0,2,0,3,3,0,0,0,2,2,3,3,3,0,0,0,3,0,3,3,3,0,0,0
data/final_data/resized_images/409878.webp,train,0,0,0,0,0,0,0,0,0,0,0,0,0,0,0,0,0,0,0,3,3,0,0,0,0,0,0,2,2,0,0,2,0,0,0,0,0,3,2,0,0,0,0,3,0,0,0,0,3,0,0,3,3,0,0,2,0,0,0,3,3,0,0,0
data/final_data/resized_images/409883.webp,train,0,0,0,0,0,2,2,0,0,0,0,0,0,0,0,0,0,0,0,0,2,0,0,0,0,1,2,0,2,2,3,0,0,2,0,0,0,2,0,0,0,0,0,0,0,2,0,0,0,0,0,0,2,0,0,0,0,0,0,0,0,0,0,0
data/final_data/resized_images/409887.webp,train,0,0,0,0,0,2,0,0,2,0,0,0,0,2,0,0,0,0,3,0,2,2,2,0,0,2,0,2,2,2,2,2,0,2,0,0,2,0,0,0,0,0,3,0,0,3,0,0,2,2,3,0,0,3,0,0,0,2,0,0,2,2,2,2
data/final_data/resized_images/409892.webp,train,0,0,0,0,0,2,0,2,0,0,0,0,0,0,2,2,0,2,0,0,0,0,2,0,2,2,1,0,0,2,2,0,0,0,2,2,2,2,0,0,0,0,2,0,2,0,0,2,0,0,0,2,0,0,0,0,0,0,0,2,2,0,0,0
data/final_data/resized_images/409918.webp,train,0,0,0,0,0,0,0,0,0,0,0,3,0,0,2,0,0,0,0,0,0,0,2,2,0,0,0,0,0,0,3,0,0,2,0,3,0,0,0,0,0,0,2,2,0,3,3,0,0,3,0,0,0,0,3,3,0,3,0,1,0,0,0,3
data/final_data/resized_images/409919.webp,train,0,0,0,0,0,0,0,0,0,0,0,0,0,2,0,0,0,0,0,0,0,2,0,3,0,0,0,0,0,2,0,0,0,0,0,0,0,0,0,0,0,0,0,0,0,0,0,0,0,0,0,0,0,0,0,0,1,0,0,0,0,0,0,3
data/final_data/resized_images/409922.jpeg,train,0,0,0,0,1,0,0,0,0,0,0,0,2,0,0,0,2,3,0,0,2,0,0,3,2,0,2,0,0,0,0,2,0,3,0,2,2,0,2,2,2,3,0,3,3,0,2,3,1,3,0,0,3,0,0,1,2,3,0,3,3,2,0,0
data/final_data/resized_images/409929.webp,train,0,0,0,0,0,0,0,0,0,0,0,2,0,2,0,0,0,0,0,0,0,0,0,0,0,0,0,0,0,3,0,0,0,0,1,0,0,3,0,0,0,0,3,0,0,0,0,0,0,0,3,0,2,0,0,0,0,0,3,0,3,2,0,3
data/final_data/resized_images/409930.webp,train,0,0,0,1,0,0,0,0,0,0,0,1,2,0,0,0,0,0,0,2,2,0,0,0,0,0,0,0,0,0,0,0,0,0,0,0,2,0,2,0,0,0,0,0,2,0,0,0,0,0,2,0,0,2,0,0,0,0,0,2,2,0,1,0
data/final_data/resized_images/409931.webp,train,0,0,0,1,0,0,0,0,0,0,0,1,0,0,0,0,0,0,3,0,0,0,0,2,0,2,2,0,0,0,2,2,0,0,0,0,0,2,2,0,0,0,0,0,2,2,0,0,3,0,0,2,0,0,0,0,0,2,0,0,0,2,0,0
data/final_data/resized_images/409935.webp,train,0,0,0,0,0,0,0,0,0,0,0,0,0,2,2,0,0,0,0,0,2,2,0,0,0,0,2,0,0,0,0,0,0,2,2,0,0,0,0,0,0,0,3,3,2,1,0,3,0,0,3,0,0,0,0,0,0,0,0,2,0,0,0,0
data/final_data/resized_images/409939.jpeg,train,0,0,0,0,0,0,0,2,0,0,0,0,0,0,0,3,0,0,0,3,3,0,2,2,0,0,0,3,0,0,0,0,2,1,0,3,0,2,0,0,0,2,2,3,0,0,3,0,3,0,0,3,0,0,3,0,0,2,3,3,0,0,0,0
data/final_data/resized_images/409940.webp,train,0,0,0,0,0,0,0,0,0,0,2,0,0,0,0,0,0,0,2,0,0,0,2,0,0,0,2,0,3,0,0,0,0,0,0,2,0,0,0,0,0,0,3,0,0,0,2,0,0,0,0,0,0,0,3,0,3,3,3,0,0,0,0,0
data/final_data/resized_images/409951.jpeg,train,0,0,0,2,0,1,0,0,0,2,2,2,0,0,0,2,0,0,0,0,0,0,2,0,0,3,0,2,2,0,0,0,0,0,0,3,0,2,0,0,0,3,0,2,2,2,3,3,0,0,0,3,1,1,0,0,3,0,0,3,3,0,0,0
data/final_data/resized_images/409972.jpeg,train,0,0,0,0,0,0,3,0,0,2,2,0,0,0,0,0,0,2,3,2,0,0,0,0,3,0,0,0,0,0,0,0,3,0,0,0,0,0,0,1,3,0,0,0,0,0,0,0,3,3,2,0,0,0,0,0,0,0,0,3,0,0,0,0
data/final_data/resized_images/409998.jpeg,train,0,0,0,0,2,0,0,0,0,0,0,2,2,0,0,0,0,0,2,2,0,0,0,0,2,2,0,0,2,2,0,0,2,0,0,0,0,0,0,0,0,0,1,2,3,0,0,3,3,0,1,3,0,2,3,3,3,3,3,3,3,0,3,3
data/final_data/resized_images/410006.jpeg,train,0,2,0,0,0,0,0,0,0,0,2,2,2,0,0,0,0,0,2,0,2,0,0,0,0,0,2,2,3,0,2,0,0,0,3,2,0,0,0,0,0,0,3,3,0,0,0,0,2,0,3,3,2,3,3,0,0,0,0,2,0,2,0,0
data/final_data/resized_images/410012.jpeg,train,0,0,0,0,0,0,0,0,0,0,0,0,0,0,0,0,0,0,0,0,2,0,0,0,0,0,0,0,0,0,0,0,0,0,2,2,0,3,3,0,0,0,2,0,0,3,3,0,0,0,0,0,0,3,3,0,0,0,0,0,3,3,3,0
data/final_data/resized_images/410017.jpeg,train,0,2,2,0,0,2,0,0,2,0,2,0,2,0,2,0,2,2,2,2,0,2,2,0,0,0,0,0,2,0,2,2,0,3,3,0,2,2,2,1,0,0,3,0,0,0,2,2,2,2,3,0,0,2,0,2,3,0,3,0,3,3,0,3
data/final_data/resized_images/410021.jpeg,train,0,0,0,0,0,0,2,0,2,2,2,0,0,2,0,0,2,2,0,0,0,2,0,0,0,2,2,0,0,0,0,2,0,1,2,0,0,0,0,0,0,2,0,0,0,3,0,0,0,2,0,0,2,3,2,2,0,2,3,0,1,3,2,2
data/final_data/resized_images/410069.jpeg,train,2,2,0,0,2,0,0,2,0,2,2,2,0,0,0,0,0,2,2,2,2,0,2,2,2,0,1,1,2,0,2,2,1,2,2,3,2,0,2,3,0,0,3,0,0,0,0,3,0,0,3,0,0,0,0,3,0,0,0,0,3,0,0,3
data/final_data/resized_images/410073.jpeg,train,2,2,0,2,0,0,0,0,2,0,0,2,2,2,0,0,2,0,0,2,0,0,2,0,0,2,0,0,2,0,0,0,0,0,2,1,3,0,2,0,0,0,0,3,3,2,0,0,0,0,0,3,3,2,0,2,0,0,0,3,3,0,0,0
data/final_data/resized_images/410077.jpeg,train,0,0,2,0,0,0,0,0,2,0,2,2,0,0,0,0,0,2,2,2,0,0,0,0,0,2,2,2,0,0,0,0,0,0,0,0,0,0,1,0,0,0,0,2,2,0,0,0,0,0,0,2,0,2,0,0,0,2,0,0,0,2,0,0
data/final_data/resized_images/410080.jpeg,train,0,0,0,0,0,0,0,0,0,0,0,0,0,0,0,0,0,0,0,0,0,0,0,0,0,0,0,0,0,0,0,0,0,0,0,0,2,2,0,0,1,0,0,2,2,0,0,0,0,0,2,2,2,2,2,2,0,0,0,0,0,0,3,0
data/final_data/resized_images/410101.jpeg,train,0,0,0,0,0,0,0,0,0,0,0,0,0,2,0,0,0,2,0,2,3,0,0,0,0,0,0,2,2,0,0,0,2,0,1,2,2,2,0,0,2,2,0,3,2,0,0,0,2,0,0,3,3,0,0,0,2,0,0,3,3,0,0,0
data/final_data/resized_images/410102.jpeg,train,0,0,0,0,0,2,0,0,0,0,0,2,2,0,0,0,0,2,0,2,0,0,2,0,0,1,1,2,0,2,0,0,0,2,2,0,0,0,0,0,0,0,0,0,2,2,2,2,0,0,0,2,2,0,0,0,0,2,0,2,0,0,2,0
data/final_data/resized_images/410112.jpeg,train,0,0,0,0,0,0,3,0,0,0,0,0,2,0,0,2,2,0,2,2,2,0,0,0,0,0,0,2,0,0,0,0,0,0,0,0,0,3,0,0,0,0,2,2,0,3,0,0,0,0,0,2,0,3,0,0,0,0,0,2,0,3,0,0
data/final_data/resized_images/410127.jpeg,train,0,0,0,0,0,0,0,0,3,2,0,0,0,0,0,0,0,1,0,2,2,0,0,1,1,0,2,3,0,0,0,0,0,0,3,0,0,0,0,3,0,3,3,3,0,0,0,3,0,0,3,3,0,0,0,3,2,0,3,3,0,0,0,0
data/final_data/resized_images/410132.jpeg,train,0,0,0,0,0,2,0,0,0,0,0,0,2,2,0,2,0,0,2,2,0,2,2,2,0,2,2,3,3,2,2,2,0,0,0,2,3,2,2,2,2,2,2,3,2,2,2,2,3,0,2,3,1,0,2,0,3,0,0,3,2,0,0,0
data/final_data/resized_images/410142.jpeg,train,0,0,0,0,0,0,0,0,2,0,2,0,0,0,0,0,0,0,3,0,0,0,0,0,0,2,1,1,2,2,2,0,0,0,2,2,2,2,0,0,0,2,0,2,2,0,0,0,0,0,2,0,1,0,0,0,0,0,2,0,0,0,0,0
data/final_data/resized_images/410157.jpeg,train,0,0,0,0,0,0,0,0,0,0,0,0,0,0,0,0,0,0,0,0,0,0,0,0,0,0,0,0,0,0,0,0,0,2,0,0,0,0,0,0,2,3,0,0,2,3,0,0,0,3,0,0,3,3,0,1,0,0,0,0,0,0,0,0
data/final_data/resized_images/410158.jpeg,train,0,0,0,0,0,0,2,0,0,0,0,0,0,0,2,0,0,2,0,0,0,0,0,0,0,0,0,1,3,0,3,3,0,0,3,3,3,3,0,0,0,0,0,3,3,3,0,0,0,0,2,3,2,3,0,0,0,0,0,3,3,3,3,0
data/final_data/resized_images/42c7875cf041.webp,train,0,0,0,0,0,0,0,0,0,0,0,0,0,0,0,0,0,0,0,0,0,0,0,0,0,0,2,2,0,0,2,0,0,0,2,0,2,0,2,0,2,0,2,0,0,2,0,0,2,2,0,0,2,0,0,0,0,3,0,0,0,3,0,0
data/final_data/resized_images/4be27e4e1e76.webp,train,0,0,0,0,0,2,0,0,0,0,2,0,2,0,0,0,0,2,0,3,2,2,0,0,0,0,2,2,2,2,0,0,0,0,0,3,0,3,0,0,0,0,0,3,0,0,0,0,0,0,0,3,0,0,0,0,0,3,0,3,3,3,0,3
data/final_data/resized_images/55f14ed389b2.webp,train,0,0,2,2,0,0,0,0,0,0,0,0,2,0,0,0,0,0,0,2,0,2,0,0,0,0,2,2,2,0,0,0,0,0,2,2,3,3,0,0,0,0,2,2,3,3,0,0,0,0,0,3,3,3,0,0,0,0,0,2,3,3,0,3
data/final_data/resized_images/56d519101ca5.webp,train,0,0,0,2,2,2,2,0,0,0,0,2,2,2,2,2,0,2,2,0,2,0,0,0,0,0,2,0,0,0,0,0,0,2,2,2,2,2,2,0,0,2,3,3,2,2,0,0,0,0,3,3,3,0,0,0,0,0,3,3,0,3,0,3
data/final_data/resized_images/58b7cde0485a.webp,train,0,0,0,0,0,0,0,0,0,0,0,0,2,0,0,0,0,2,2,2,2,0,0,0,2,0,2,2,0,0,0,0,0,1,0,0,0,2,0,0,0,0,2,0,3,3,2,0,0,0,0,2,3,0,0,0,0,0,0,0,0,0,3,0
data/final_data/resized_images/6116b616c5e1.webp,train,2,0,0,2,2,0,0,0,0,0,0,2,2,2,0,0,2,2,0,2,0,2,2,0,0,0,0,2,0,0,0,0,0,3,3,0,0,0,0,0,0,3,3,2,3,0,0,0,0,3,0,0,2,0,0,0,0,3,0,3,3,0,0,0
data/final_data/resized_images/648ff941aa8f.webp,train,0,0,0,0,0,0,0,0,0,0,0,2,0,0,0,0,0,0,0,2,0,2,0,0,0,0,0,3,0,0,0,0,0,0,1,2,0,0,0,0,0,0,0,0,3,0,0,0,0,0,0,0,3,0,0,0,0,0,0,0,3,3,0,2
data/final_data/resized_images/7101160395018349873_n.jpg,train,0,0,0,1,0,0,0,0,0,0,2,0,0,2,2,0,0,0,0,3,3,0,2,0,0,0,0,3,3,0,0,0,0,0,3,0,0,0,0,0,0,0,0,0,0,0,0,0,0,0,0,0,0,0,0,2,3,2,2,0,0,0,0,0
data/final_data/resized_images/82c3ea87e047.jpg,train,0,0,0,0,0,0,0,0,2,0,0,0,0,2,0,0,0,0,0,0,0,2,0,0,0,0,0,2,0,0,3,0,0,0,0,0,0,0,2,3,0,0,0,2,0,0,0,0,2,2,2,2,0,0,0,0,0,0,0,0,0,0,0,0
data/final_data/resized_images/83e24127dd74.webp,train,2,0,2,0,0,2,0,0,0,2,0,0,2,0,0,0,2,2,2,2,0,0,1,0,3,0,0,2,3,0,2,0,0,0,0,2,3,3,2,0,0,0,0,0,3,3,2,0,0,0,0,0,3,3,0,3,0,0,0,0,3,3,0,0
data/final_data/resized_images/840dc4492117.webp,train,2,2,0,2,0,0,2,2,2,0,0,2,2,2,0,0,0,0,2,2,0,0,0,0,2,0,2,3,2,2,0,2,0,0,2,2,0,0,0,2,0,3,3,0,3,0,0,0,0,3,3,2,3,0,0,0,0,3,3,3,0,0,0,0
data/final_data/resized_images/897hdfhg63.jpg,train,0,0,0,0,2,2,0,0,2,0,0,0,2,2,0,0,0,0,0,0,3,2,0,0,0,0,2,0,0,2,0,0,0,0,0,3,0,3,0,0,0,0,0,3,0,0,0,2,0,0,0,3,0,0,0,0,0,0,0,3,3,0,0,0
data/final_data/resized_images/93f64520a55f.webp,train,0,0,0,0,0,0,0,0,0,0,0,0,2,0,0,0,0,2,2,0,2,2,0,0,2,0,0,0,2,2,0,1,1,2,0,3,0,2,0,0,0,0,0,3,0,0,0,0,3,0,0,3,3,3,3,2,0,0,0,0,0,0,0,0
data/final_data/resized_images/94874c4f57b0.webp,train,0,2,0,0,2,0,0,0,2,0,0,2,2,2,2,2,2,0,2,2,2,0,0,0,0,2,2,0,0,0,0,0,2,0,2,2,0,0,0,2,0,0,2,2,3,3,0,0,0,3,0,2,3,2,3,0,0,0,3,3,0,3,0,0
data/final_data/resized_images/96506ea665d3.webp,train,0,0,0,0,0,0,0,0,2,0,0,0,0,0,2,0,0,0,0,2,2,0,0,0,0,2,2,2,0,0,0,0,0,0,0,2,2,3,3,0,0,0,0,2,0,3,3,0,0,0,0,2,0,3,3,0,0,0,0,0,0,3,3,0
data/final_data/resized_images/9b5b9947e376.webp,train,0,2,0,0,0,0,1,0,0,0,0,0,0,0,2,2,0,0,0,0,0,0,0,0,2,0,0,2,0,2,2,0,0,0,0,0,0,0,0,0,0,0,0,0,2,2,0,0,0,0,0,2,0,0,0,0,0,0,0,3,0,0,0,0
data/final_data/resized_images/GlennPhillips.webp,train,0,0,0,0,0,0,0,2,0,0,0,0,2,0,0,0,0,0,0,2,2,0,0,0,0,0,3,0,3,3,0,0,0,3,0,0,2,2,0,0,0,2,0,0,0,0,0,0,3,3,0,0,2,0,0,0,0,2,2,3,3,0,0,0
data/final_data/resized_images/a3c163798f5d.webp,train,2,2,3,0,2,2,2,0,0,0,2,2,2,0,2,2,0,2,2,0,2,0,0,2,2,0,0,0,0,2,0,0,0,0,0,2,2,0,0,0,0,0,0,0,3,0,2,0,0,0,0,0,3,0,3,0,0,0,0,0,3,0,3,0
data/final_data/resized_images/aa8797574fce.webp,train,2,0,2,0,2,0,2,0,2,2,2,2,2,2,0,0,0,0,0,2,2,3,0,0,0,2,3,2,2,2,3,2,3,0,0,2,0,2,2,0,3,0,0,0,0,3,0,0,3,3,0,0,2,3,3,0,0,0,0,0,0,0,0,0
data/final_data/resized_images/ac4865108200.webp,train,0,0,0,0,0,0,0,3,0,0,0,0,0,0,0,0,0,2,0,0,0,0,0,0,0,2,2,2,0,0,0,0,2,0,0,0,0,0,0,0,1,0,0,0,0,0,2,0,0,0,0,3,2,0,0,0,0,3,0,0,2,3,0,0
data/final_data/resized_images/bedd9c78e4b1.webp,train,0,0,0,0,0,0,0,0,0,0,0,0,0,0,0,0,0,0,0,0,0,0,0,0,0,1,2,0,2,0,0,0,0,0,2,0,0,0,0,0,0,0,2,0,0,0,0,0,0,0,2,2,0,0,0,0,0,0,2,2,0,0,0,0
data/final_data/resized_images/bowled.jpg,train,0,0,0,2,0,0,0,0,0,0,3,2,0,0,2,0,0,0,2,2,2,2,2,1,2,2,2,0,2,2,0,0,0,0,3,0,3,3,0,0,0,0,0,0,3,3,0,0,0,0,0,3,3,3,0,0,0,0,0,0,0,3,0,0
data/final_data/resized_images/c0a40d27604a.webp,train,2,0,0,2,0,0,0,0,2,0,2,3,0,0,2,2,0,0,0,2,2,0,2,2,0,2,0,0,0,2,0,0,0,0,0,0,3,3,2,2,0,0,0,0,0,3,0,0,0,0,0,0,0,0,0,0,0,0,0,0,3,0,0,0
data/final_data/resized_images/c33f6b4a5b7a.webp,train,0,2,0,0,2,0,0,0,0,0,0,0,2,1,0,0,2,0,0,2,2,0,0,0,0,0,0,0,0,2,2,0,3,0,0,0,0,2,0,2,3,2,2,0,0,0,0,2,0,0,0,0,0,0,0,0,0,0,0,0,0,0,0,0
data/final_data/resized_images/d08f8c8ae9ba.webp,train,0,0,0,2,0,0,0,0,0,2,2,2,2,0,0,2,0,2,2,2,2,2,0,2,0,2,0,0,0,2,2,0,0,0,0,0,0,0,0,2,0,0,0,3,2,0,0,0,0,0,0,3,2,0,0,0,0,0,0,3,3,0,0,0
data/final_data/resized_images/d441f6b5a4d3.webp,train,0,0,2,2,2,2,0,0,0,0,0,2,0,0,0,2,0,0,2,0,0,0,1,0,0,0,0,0,0,2,0,2,0,2,2,0,2,0,0,2,0,2,2,0,2,0,0,0,0,0,0,0,2,0,0,0,0,0,0,0,2,0,0,0
data/final_data/resized_images/e93408ad04b7.webp,train,0,0,0,0,0,0,0,0,0,0,2,0,0,0,0,0,0,1,2,0,0,2,2,2,0,0,0,0,0,3,2,2,2,0,0,0,0,0,0,0,0,0,0,0,0,2,0,0,0,0,2,2,0,2,3,2,0,2,2,0,2,2,0,2
data/final_data/resized_images/eabbb4a10004.webp,train,0,0,0,0,0,0,0,0,0,0,0,0,0,0,2,0,0,0,0,2,2,0,3,0,0,2,2,2,0,3,0,0,0,0,0,0,0,0,3,0,0,0,0,0,2,2,3,2,0,0,0,2,2,0,0,2,2,2,2,2,2,2,0,2
data/final_data/resized_images/ef6653f8c3ab.webp,train,0,0,0,0,0,0,0,0,0,0,2,0,2,0,0,0,0,0,0,2,1,1,0,0,0,0,0,0,0,2,2,0,0,0,0,2,0,0,0,0,0,0,0,3,0,0,0,0,0,0,0,0,0,0,0,0,0,0,0,0,0,0,0,0
data/final_data/resized_images/f4620b44eaf6.webp,train,0,0,0,0,2,0,0,0,0,0,2,2,0,0,0,0,0,0,0,2,2,0,0,0,0,0,0,0,0,0,0,0,3,0,0,0,2,2,0,0,3,2,0,0,2,0,0,0,3,0,0,0,3,3,0,0,3,0,2,0,2,2,0,0
data/final_data/resized_images/ffff8f9bde9f.webp,train,0,0,0,0,1,2,0,0,2,0,2,0,2,0,0,0,2,0,0,2,0,0,0,0,1,0,2,0,3,0,3,0,0,0,0,0,0,0,3,0,0,0,0,0,2,3,3,3,2,2,0,3,2,3,0,3,0,0,0,0,2,0,0,0
data/final_data/resized_images/i.jpeg,train,0,0,0,0,0,0,0,0,0,0,0,3,2,2,2,0,0,0,0,0,2,2,2,0,0,0,0,0,2,2,0,0,0,0,0,0,3,0,0,0,0,2,0,0,0,0,0,0,2,3,2,0,0,0,0,0,2,2,2,2,0,0,0,2
data/final_data/resized_images/ind_sri_lanka_odi.jpg,train,0,0,0,0,2,0,0,0,0,0,0,0,2,0,0,0,0,0,0,0,0,0,0,0,0,0,0,0,0,0,1,0,0,2,2,3,3,0,1,0,0,3,3,3,3,2,0,2,0,0,2,3,3,0,3,2,0,3,0,3,3,0,0,0
data/final_data/resized_images/j89rh238hdw.webp,train,2,0,0,0,3,2,0,0,0,0,0,2,2,2,0,0,0,0,0,0,3,2,0,0,0,0,0,0,2,0,0,0,2,3,0,2,2,2,0,0,0,3,0,0,2,2,0,0,0,3,0,3,2,0,0,0,3,3,0,2,0,0,0,0
data/final_data/resized_images/xdb91txmi6mesvl9yx4k.jpeg,train,2,3,0,0,0,0,3,0,2,2,0,0,0,0,0,2,2,3,0,0,0,0,0,0,0,0,2,3,0,0,0,0,0,3,2,0,0,0,3,0,0,0,2,0,3,0,3,0,0,0,0,0,0,0,3,0,0,0,0,0,0,0,3,0
data/final_data/resized_images/274292.webp,test,0,0,0,0,0,0,0,0,2,0,3,0,0,0,0,0,0,0,0,0,0,0,0,0,0,0,3,3,0,0,0,0,0,3,0,0,0,0,0,0,0,0,0,0,0,0,3,0,0,0,0,0,0,0,3,0,0,0,0,0,0,0,3,0
data/final_data/resized_images/298739.webp,test,0,0,0,0,0,2,0,0,0,0,0,0,0,2,0,0,0,0,2,0,0,0,0,0,0,0,0,0,0,0,0,0,0,2,2,2,2,2,2,0,0,1,2,0,2,3,2,0,0,0,3,1,0,3,0,0,0,0,3,0,0,0,0,0
data/final_data/resized_images/306307.webp,test,0,0,2,0,0,3,0,0,0,2,2,0,0,2,0,0,0,2,3,1,0,2,0,0,3,2,3,0,0,2,0,0,3,0,0,3,0,2,0,0,0,0,0,0,3,3,0,0,0,0,0,0,3,0,0,0,0,0,0,0,3,0,0,0
data/final_data/resized_images/306309.webp,test,0,0,0,0,0,2,0,0,0,0,2,0,0,2,1,0,0,0,2,2,2,0,0,0,0,0,0,0,2,0,0,0,0,3,0,0,0,2,0,0,0,3,0,0,2,2,0,0,0,3,0,2,0,3,0,0,0,3,0,0,0,0,0,2
data/final_data/resized_images/306962.webp,test,0,0,0,2,0,0,0,0,0,0,0,2,0,0,0,0,0,0,0,2,0,0,0,0,0,0,0,2,0,0,0,0,0,0,0,0,0,0,0,0,0,0,0,2,0,0,0,0,0,0,0,0,0,0,0,0,0,0,0,0,0,0,0,0
data/final_data/resized_images/307218.webp,test,0,0,0,0,0,0,3,0,0,2,0,0,0,0,0,0,0,2,2,2,0,0,0,0,3,2,0,0,0,3,0,0,2,2,0,0,0,3,3,0,0,0,0,3,0,3,3,0,0,0,0,0,3,3,0,0,0,0,0,0,3,0,0,0
data/final_data/resized_images/307219.webp,test,0,0,0,0,0,0,0,0,0,0,3,0,0,0,0,3,0,0,0,2,2,0,2,2,0,0,0,2,0,2,0,2,3,3,0,2,2,0,0,2,0,0,0,2,2,0,3,2,2,2,0,2,2,2,2,0,0,0,0,0,0,3,0,2
data/final_data/resized_images/307941 (1).webp,test,0,0,0,0,0,0,3,0,0,0,2,2,3,0,2,3,0,0,2,2,0,0,0,0,0,0,0,0,0,2,2,0,0,0,0,3,0,0,0,0,0,0,0,3,0,0,0,0,0,0,0,3,3,0,0,0,1,0,0,0,0,0,0,0
data/final_data/resized_images/307949 (1).webp,test,0,0,2,2,2,0,0,0,0,0,0,0,2,0,0,0,0,0,0,0,2,0,1,0,0,0,0,0,0,0,0,0,0,3,0,0,0,0,0,0,0,3,0,0,0,0,0,0,0,3,0,0,0,0,0,0,0,3,0,0,0,0,0,0
data/final_data/resized_images/308867.webp,test,0,0,0,0,0,0,3,3,0,0,0,3,0,0,2,2,0,0,3,2,0,2,0,0,0,0,0,2,2,2,2,2,0,3,2,0,2,2,2,0,0,3,3,0,3,2,3,3,0,0,0,0,3,0,3,3,0,0,0,0,0,0,3,3
data/final_data/resized_images/322319.webp,test,0,0,2,0,0,2,2,2,0,2,2,0,2,2,0,0,0,2,0,0,2,0,0,0,0,1,0,0,2,0,0,0,0,0,0,0,2,0,0,0,0,0,0,0,3,0,0,0,0,0,0,3,2,3,0,0,0,0,0,3,3,3,0,0
data/final_data/resized_images/322358.webp,test,0,0,0,0,0,3,2,0,0,0,0,0,0,3,2,0,0,0,1,0,2,2,0,0,0,0,0,0,2,2,0,0,3,0,0,2,0,0,0,0,3,0,3,3,3,0,0,0,3,0,0,0,0,0,0,0,3,0,0,0,0,0,0,0
data/final_data/resized_images/3369e404ed8c.webp,test,0,0,3,0,0,2,0,0,0,2,0,0,2,2,0,2,0,0,0,0,0,2,0,0,0,0,0,0,0,0,2,0,0,0,3,3,0,2,0,0,0,0,0,3,3,2,0,0,0,3,0,3,3,0,3,0,3,3,0,3,3,3,0,0
data/final_data/resized_images/393619.webp,test,0,0,0,0,3,0,2,0,0,0,0,0,0,2,0,0,0,0,0,0,3,3,0,0,0,0,2,0,3,0,3,0,0,0,2,0,0,0,3,0,0,2,3,0,0,0,0,0,0,2,3,0,0,0,0,0,0,0,0,0,0,0,0,0
data/final_data/resized_images/395359.webp,test,0,0,0,0,0,0,0,0,0,0,0,0,0,2,2,0,0,0,0,0,0,0,2,0,0,2,0,0,0,0,2,0,0,0,0,0,0,0,2,3,2,0,0,0,2,0,2,3,2,0,0,0,0,0,2,3,0,0,0,0,0,0,0,0
data/final_data/resized_images/397677.webp,test,0,2,2,2,0,0,2,0,2,2,2,2,0,2,0,0,0,2,2,0,0,2,2,2,3,2,2,0,0,0,0,0,0,0,0,0,0,0,0,2,3,0,2,2,2,2,0,0,3,0,0,0,0,0,0,0,3,0,3,0,0,0,0,3
data/final_data/resized_images/403282.webp,test,0,0,2,2,0,2,0,0,0,2,0,2,3,0,0,2,0,0,0,0,0,0,0,2,0,0,2,2,0,2,0,2,0,3,0,2,0,0,0,0,0,3,0,0,2,0,0,0,0,0,3,2,2,0,0,0,0,0,0,0,3,0,0,0
data/final_data/resized_images/407905.jpeg,test,0,0,0,0,0,0,0,0,0,0,0,0,0,0,2,0,0,0,0,0,0,0,0,0,0,3,0,0,0,3,2,0,0,3,0,2,0,3,3,0,0,0,0,0,0,3,3,0,0,0,0,0,0,0,0,0,0,0,0,0,0,0,0,0
data/final_data/resized_images/407978.jpeg,test,0,0,0,0,0,0,0,0,0,0,2,2,0,0,0,0,0,0,2,0,0,2,0,0,0,0,0,0,0,0,0,0,0,2,0,2,0,0,0,0,0,0,0,3,0,0,0,3,0,0,1,0,0,0,0,0,0,0,0,0,0,0,0,0
data/final_data/resized_images/408107.jpeg,test,2,2,0,0,1,0,2,2,0,2,0,0,0,0,2,0,2,0,0,0,2,3,0,0,0,3,2,2,0,0,0,0,0,0,2,2,2,0,0,0,0,0,2,0,2,0,0,0,2,3,0,3,0,0,0,0,0,0,0,3,0,0,1,0
data/final_data/resized_images/408731.webp,test,2,2,2,2,0,0,0,0,2,0,2,0,0,0,0,2,0,0,0,0,0,2,2,0,0,2,0,2,0,0,0,2,1,2,0,0,0,2,0,0,2,3,0,0,0,0,0,0,2,3,0,0,0,0,0,0,0,3,0,0,0,3,0,0
data/final_data/resized_images/408988.webp,test,0,0,2,2,0,2,0,0,0,0,1,0,0,0,0,0,0,0,0,0,0,1,0,0,2,2,0,2,0,2,0,0,3,3,2,2,0,2,0,0,3,3,0,0,2,3,0,0,3,3,2,2,0,0,2,0,3,3,2,0,0,0,0,0
data/final_data/resized_images/409009.webp,test,0,0,0,0,0,0,0,0,0,0,0,0,0,0,0,0,0,0,0,2,2,0,0,0,0,0,2,2,2,0,0,0,0,0,0,2,0,0,0,3,0,0,0,2,3,0,2,3,0,0,0,0,2,0,0,0,0,0,0,0,0,0,0,3
data/final_data/resized_images/409179.webp,test,0,0,0,0,0,0,0,0,0,0,0,2,0,0,0,0,0,0,0,3,2,2,0,0,0,0,2,0,0,2,0,0,0,2,2,2,2,0,0,0,0,0,2,0,0,2,0,0,0,0,2,0,0,0,0,0,0,0,2,0,3,2,0,2
data/final_data/resized_images/409204.webp,test,2,0,0,0,2,0,0,0,0,0,2,2,2,0,0,0,0,0,0,0,0,0,0,0,0,0,0,0,0,0,0,0,0,0,0,0,0,0,0,0,0,0,0,0,0,2,0,0,0,0,0,2,0,2,0,2,0,0,0,0,0,0,0,0
data/final_data/resized_images/409211.jpeg,test,0,0,2,3,2,0,0,0,2,0,0,2,0,2,0,2,2,0,2,0,2,3,0,0,0,0,0,2,2,0,0,0,2,0,2,2,0,0,0,0,0,0,0,0,3,2,3,0,0,0,0,0,3,2,3,0,0,0,0,0,3,2,3,0
data/final_data/resized_images/409323.webp,test,0,0,0,2,2,0,0,0,0,0,0,2,0,0,0,0,0,0,0,2,0,0,0,0,0,0,0,0,0,0,0,0,2,0,0,0,1,0,0,0,0,0,0,0,0,0,0,0,0,0,0,2,1,0,2,0,3,0,0,0,2,0,2,0
data/final_data/resized_images/409328.jpeg,test,0,2,0,0,0,0,0,0,0,2,0,0,0,2,0,0,0,2,2,2,0,0,0,0,0,0,0,2,0,0,0,0,0,0,0,2,2,0,0,0,0,2,0,2,2,2,1,0,0,2,0,2,2,2,2,0,0,0,0,0,0,3,3,0
data/final_data/resized_images/409614.webp,test,0,2,0,2,0,0,0,0,0,0,2,0,0,2,1,2,0,2,0,0,0,2,0,0,0,0,3,0,0,2,2,0,0,0,2,2,0,0,3,2,0,0,0,3,2,2,0,0,0,0,3,3,0,2,0,0,0,0,3,3,0,2,3,0
data/final_data/resized_images/409703.webp,test,0,0,0,0,0,0,0,0,0,0,0,0,0,0,0,0,0,0,0,0,3,0,0,0,0,0,0,2,0,0,0,0,0,0,0,0,0,3,0,0,0,0,0,0,0,0,0,0,0,0,0,0,0,0,0,0,0,0,0,0,0,0,2,0
data/final_data/resized_images/409725.webp,test,0,0,0,0,0,0,0,0,0,0,0,0,0,0,0,0,0,0,0,0,0,0,0,0,0,0,0,0,0,0,0,0,0,0,0,0,0,2,0,0,0,0,0,0,1,0,0,0,0,0,0,0,2,0,1,0,0,0,0,0,0,0,0,0
data/final_data/resized_images/409813.webp,test,0,0,0,0,0,0,0,0,0,0,0,0,0,0,2,2,0,0,0,0,2,3,2,0,0,0,2,0,2,2,0,0,0,0,0,0,2,0,0,0,0,0,3,0,0,3,2,0,0,0,3,0,2,3,0,0,0,0,0,0,0,0,0,0
data/final_data/resized_images/409860.webp,test,0,0,0,0,0,0,0,0,0,0,0,0,0,0,0,0,0,2,0,0,0,0,0,0,0,0,2,0,0,0,0,2,3,0,3,3,0,0,3,0,3,2,0,0,0,0,0,0,0,2,0,0,3,0,0,0,0,0,0,0,0,0,0,3
data/final_data/resized_images/409927.webp,test,0,0,0,0,0,0,0,0,0,0,0,0,3,3,0,0,0,0,0,0,0,0,0,0,0,0,0,0,2,0,0,0,0,0,0,2,2,3,0,0,0,0,3,0,2,0,0,0,0,0,3,0,0,0,0,0,0,0,3,0,2,3,0,0
data/final_data/resized_images/409996.jpeg,test,0,0,0,0,0,0,0,0,0,0,3,0,0,2,2,3,0,0,2,0,0,2,2,0,0,1,0,0,2,2,0,0,0,1,2,2,2,0,2,2,2,0,0,0,0,2,2,2,0,2,0,2,0,0,0,0,2,0,0,3,0,0,0,0
data/final_data/resized_images/410087.jpeg,test,0,0,0,0,0,0,0,0,0,0,3,0,0,0,0,0,0,0,2,0,0,3,0,0,2,0,2,2,2,0,0,0,0,0,2,2,0,2,0,0,0,2,2,2,3,0,2,2,0,0,2,2,3,2,2,0,2,0,2,3,3,0,0,0
data/final_data/resized_images/410100.jpeg,test,0,0,0,0,0,1,0,0,0,0,0,0,2,3,0,2,0,0,0,0,0,2,2,0,0,0,2,0,2,0,0,0,0,0,0,0,0,0,0,0,0,0,0,0,0,0,0,0,0,3,0,3,0,2,1,0,3,3,3,3,0,2,0,0
data/final_data/resized_images/410125.jpeg,test,0,0,0,0,0,0,0,0,0,0,0,0,0,2,0,0,0,0,0,2,0,2,2,0,0,2,0,0,2,2,2,0,0,0,2,0,2,2,0,0,0,0,2,2,2,2,0,0,0,0,0,2,0,0,2,2,0,0,0,0,2,0,3,0
data/final_data/resized_images/410143.jpeg,test,0,0,0,0,0,0,2,0,0,0,0,0,0,0,0,0,1,0,3,1,0,0,0,0,0,0,0,2,0,0,0,0,0,0,0,0,0,0,0,0,0,0,0,0,2,0,0,0,2,0,0,2,2,3,0,2,0,0,0,0,0,2,0,0
data/final_data/resized_images/6b5c9f54ab3e.webp,test,0,0,0,0,0,0,0,0,0,0,0,2,0,0,0,0,0,0,2,2,0,0,0,0,1,0,2,0,0,0,0,0,0,0,0,2,2,0,0,0,0,0,0,0,2,0,2,2,2,0,3,0,0,2,0,3,0,0,2,2,0,0,0,3
data/final_data/resized_images/Bumrah.jpg,test,0,0,0,0,2,0,0,0,0,0,0,0,0,0,0,0,0,0,1,0,0,0,0,0,0,0,2,0,0,2,3,0,0,3,0,0,0,0,0,0,0,3,0,3,0,0,0,0,0,3,0,0,0,0,0,0,0,0,0,0,0,0,0,3
data/final_data/resized_images/HTYXVQYE2FM57N3OZUZPXT2D7Y.jpg,test,0,0,0,0,0,0,0,0,0,0,0,0,0,0,0,3,0,2,0,3,0,0,3,0,0,0,2,0,2,3,3,3,0,0,0,0,3,3,3,0,3,0,0,0,0,3,3,0,3,0,0,0,0,3,3,0,0,3,0,0,0,0,0,0
data/final_data/resized_images/Jadeja-fielding.jpg,test,0,0,0,0,0,0,0,0,0,0,2,0,0,0,0,0,0,0,0,0,0,1,0,0,0,0,2,0,0,0,0,0,0,0,0,0,0,0,0,0,0,0,0,0,0,2,0,0,0,0,0,0,0,3,0,0,0,0,0,0,0,0,0,0
data/final_data/resized_images/ZWVJFZIXI5OQTELTDJ7LZSCD7A.jpg,test,0,0,0,0,0,3,0,0,0,0,0,3,1,3,0,0,0,0,3,3,3,3,0,0,0,0,3,0,3,3,0,0,0,3,2,3,3,0,0,0,0,3,0,3,3,0,0,0,0,0,3,3,0,0,0,0,0,0,0,0,0,0,0,0
data/final_data/resized_images/a12188424172.webp,test,0,2,1,2,2,0,2,2,2,2,0,0,0,0,2,0,0,0,3,0,0,2,0,0,0,0,3,2,3,2,3,0,0,3,3,0,0,3,0,0,0,2,3,0,2,3,0,2,0,3,3,0,2,3,0,0,0,0,0,0,0,0,0,0
data/final_data/resized_images/b80e77df9a26.webp,test,0,0,0,0,0,0,0,0,0,0,0,0,0,3,0,0,0,0,0,0,0,2,0,0,0,0,0,0,0,0,0,0,0,0,3,0,0,0,0,0,0,0,0,0,0,0,0,0,0,0,0,0,0,0,0,0,0,1,0,0,0,1,0,2
data/final_data/resized_images/bfsdh439.jpeg,test,0,0,0,0,0,0,0,0,0,0,0,0,0,2,2,0,2,0,0,0,2,0,0,0,2,2,3,0,0,0,0,0,0,0,3,0,0,2,3,0,0,0,2,0,0,0,0,0,0,0,0,0,0,0,0,0,0,0,0,0,0,0,0,0
data/final_data/resized_images/d6bc2592464c.webp,test,0,0,0,2,2,0,0,0,2,2,0,2,0,0,0,0,0,0,0,2,2,0,2,0,0,0,0,0,0,0,0,0,0,0,3,0,0,0,0,0,2,0,3,0,0,0,0,0,2,2,3,3,3,0,0,0,0,0,0,0,1,0,0,0
